time_s,x_m,y_m,z_m,roll_rad,pitch_rad,yaw_rad,approx_speed_m_s
0.000625,0.0,0.0,0.119998,0.0,0.0,0.0,0.00919
0.050625,0.0,0.0,0.107454,0.0,0.0,0.0,0.49518
0.100625,0.0,0.0,0.098093,0.0,0.0,0.0,0.00585
0.150625,0.0,0.0,0.098273,0.0,0.0,0.0,0.002
0.200625,0.0,0.0,0.098334,0.0,0.0,0.0,0.00068
0.250625,0.0,0.0,0.098355,0.0,0.0,0.0,0.00023
0.300625,0.0,0.0,0.098362,0.0,0.0,0.0,8e-05
0.350625,0.0,0.0,0.098364,0.0,0.0,0.0,3e-05
0.400625,0.0,0.0,0.098365,0.0,0.0,0.0,1e-05
0.450625,0.0,0.0,0.098365,0.0,0.0,0.0,0.0
0.500625,0.0,0.0,0.098366,0.0,0.0,0.0,0.0
0.550625,0.0,0.0,0.098366,0.0,0.0,0.0,0.0
0.600625,0.0,0.0,0.098366,0.0,0.0,0.0,0.0
0.650625,0.0,0.0,0.098366,0.0,0.0,0.0,0.0
0.700625,0.0,0.0,0.098366,0.0,0.0,0.0,0.0
0.750625,0.0,0.0,0.098366,0.0,0.0,0.0,0.0
0.800625,0.0,0.0,0.098366,0.0,0.0,0.0,0.0
0.850625,0.0,0.0,0.098366,0.0,0.0,0.0,0.0
0.900625,0.0,0.0,0.098366,0.0,0.0,0.0,0.0
0.950625,0.0,0.0,0.098366,0.0,0.0,0.0,0.0
1.000625,0.0,0.0,0.098366,0.0,0.0,0.0,0.0
1.050625,0.0,0.0,0.098366,0.0,0.0,0.0,0.0
1.100625,0.0,0.0,0.098366,0.0,0.0,0.0,0.0
1.150625,0.0,0.0,0.098366,0.0,0.0,0.0,0.0
1.200625,0.0,0.0,0.098366,0.0,0.0,0.0,0.0
1.250625,0.0,0.0,0.098366,0.0,0.0,0.0,0.0
1.300625,0.0,0.0,0.098366,0.0,0.0,0.0,0.0
1.350625,0.0,0.0,0.098366,0.0,0.0,0.0,0.0
1.400625,0.0,0.0,0.098366,0.0,0.0,0.0,0.0
1.450625,0.0,0.0,0.098366,0.0,0.0,0.0,0.0
1.500625,0.0,0.0,0.098366,0.0,0.0,0.0,0.0
1.550625,0.0,0.0,0.098366,0.0,0.0,0.0,0.0
1.600625,0.0,0.0,0.098366,0.0,0.0,0.0,0.0
1.650625,0.0,0.0,0.098366,0.0,0.0,0.0,0.0
1.700625,0.0,0.0,0.098366,0.0,0.0,0.0,0.0
1.750625,0.0,0.0,0.098366,0.0,0.0,0.0,0.0
1.800625,0.0,0.0,0.098366,0.0,0.0,0.0,0.0
1.850625,0.0,0.0,0.098366,0.0,0.0,0.0,0.0
1.900625,0.0,0.0,0.098366,0.0,0.0,0.0,0.0
1.950625,0.0,0.0,0.098366,0.0,0.0,0.0,0.0
2.000625,0.0,0.0,0.098366,0.0,0.0,0.0,0.0
2.050625,0.0,0.0,0.098366,0.0,0.0,0.0,0.0
2.100625,0.0,0.0,0.098366,0.0,0.0,0.0,0.0
2.150625,0.0,0.0,0.098366,0.0,0.0,0.0,0.0
2.200625,0.0,0.0,0.098366,0.0,0.0,0.0,0.0
2.250625,0.0,0.0,0.098366,0.0,0.0,0.0,0.0
2.300625,0.0,0.0,0.098366,0.0,0.0,0.0,0.0
2.350625,0.0,0.0,0.098366,0.0,0.0,0.0,0.0
2.400625,0.0,0.0,0.098366,0.0,0.0,0.0,0.0
2.450625,0.0,0.0,0.098366,0.0,0.0,0.0,0.0
2.500625,0.0,0.0,0.098366,0.0,0.0,0.0,0.0
2.550625,0.0,0.0,0.098366,0.0,0.0,0.0,0.0
2.600625,0.0,0.0,0.098366,0.0,0.0,0.0,0.0
2.650625,0.0,0.0,0.098366,0.0,0.0,0.0,0.0
2.700625,0.0,0.0,0.098366,0.0,0.0,0.0,0.0
2.750625,0.0,0.0,0.098366,0.0,0.0,0.0,0.0
2.800625,0.0,0.0,0.098366,0.0,0.0,0.0,0.0
2.850625,0.0,0.0,0.098366,0.0,0.0,0.0,0.0
2.900625,0.0,0.0,0.098366,0.0,0.0,0.0,0.0
2.950625,0.0,0.0,0.098366,0.0,0.0,0.0,0.0
3.000625,0.0,0.0,0.098366,0.0,0.0,0.0,0.0
3.050625,0.0,0.0,0.098366,0.0,0.0,0.0,0.0
3.100625,0.0,0.0,0.098366,0.0,0.0,0.0,0.0
3.150625,0.0,0.0,0.098366,0.0,0.0,0.0,0.0
3.200625,0.0,0.0,0.098366,0.0,0.0,0.0,0.0
3.250625,0.0,0.0,0.098366,0.0,0.0,0.0,0.0
3.300625,0.0,0.0,0.098366,0.0,0.0,0.0,0.0
3.350625,0.0,0.0,0.098366,0.0,0.0,0.0,0.0
3.400625,0.0,0.0,0.098366,0.0,0.0,0.0,0.0
3.450625,0.0,0.0,0.098366,0.0,0.0,0.0,0.0
3.500625,0.0,0.0,0.098366,0.0,0.0,0.0,0.0
3.550625,0.0,0.0,0.098366,0.0,0.0,0.0,0.0
3.600625,0.0,0.0,0.098366,0.0,0.0,0.0,0.0
3.650625,0.0,0.0,0.098366,0.0,0.0,0.0,0.0
3.700625,0.0,0.0,0.098366,0.0,0.0,0.0,0.0
3.750625,0.0,0.0,0.098366,0.0,0.0,0.0,0.0
3.800625,0.0,0.0,0.098366,0.0,0.0,0.0,0.0
3.850625,0.0,0.0,0.098366,0.0,0.0,0.0,0.0
3.900625,0.0,0.0,0.098366,0.0,0.0,0.0,0.0
3.950625,0.0,0.0,0.098366,0.0,0.0,0.0,0.0
4.000625,0.0,0.0,0.098366,0.0,0.0,0.0,0.0
4.050625,0.0,0.0,0.098366,0.0,0.0,0.0,0.0
4.100625,0.0,0.0,0.098366,0.0,0.0,0.0,0.0
4.150625,0.0,0.0,0.098366,0.0,0.0,0.0,0.0
4.200625,0.0,0.0,0.098366,0.0,0.0,0.0,0.0
4.250625,0.0,0.0,0.098366,0.0,0.0,0.0,0.0
4.300625,0.0,0.0,0.098366,0.0,0.0,0.0,0.0
4.350625,0.0,0.0,0.098366,0.0,0.0,0.0,0.0
4.400625,0.0,0.0,0.098366,0.0,0.0,0.0,0.0
4.450625,0.0,0.0,0.098366,0.0,0.0,0.0,0.0
4.500625,0.0,0.0,0.098366,0.0,0.0,0.0,0.0
4.550625,0.0,0.0,0.098366,0.0,0.0,0.0,0.0
4.600625,0.0,0.0,0.098366,0.0,0.0,0.0,0.0
4.650625,0.0,0.0,0.098366,0.0,0.0,0.0,0.0
4.700625,0.0,0.0,0.098366,0.0,0.0,0.0,0.0
4.750625,0.0,0.0,0.098366,0.0,0.0,0.0,0.0
4.800625,0.0,0.0,0.098366,0.0,0.0,0.0,0.0
4.850625,0.0,0.0,0.098366,0.0,0.0,0.0,0.0
4.900625,0.0,0.0,0.098366,0.0,0.0,0.0,0.0
4.950625,0.0,0.0,0.098366,0.0,0.0,0.0,0.0
5.000625,0.0,0.0,0.098366,0.0,0.0,0.0,0.0
5.050625,0.0,0.0,0.098366,0.0,0.0,0.0,0.0
5.100625,0.0,0.0,0.098366,0.0,0.0,0.0,0.0
5.150625,0.0,0.0,0.098366,0.0,0.0,0.0,0.0
5.200625,0.0,0.0,0.098366,0.0,0.0,0.0,0.0
5.250625,0.0,0.0,0.098366,0.0,0.0,0.0,0.0
5.300625,0.0,0.0,0.098366,0.0,0.0,0.0,0.0
5.350625,0.0,0.0,0.098366,0.0,0.0,0.0,0.0
5.400625,0.0,0.0,0.098366,0.0,0.0,0.0,0.0
5.450625,0.0,0.0,0.098366,0.0,0.0,0.0,0.0
5.500625,0.0,0.0,0.098366,0.0,0.0,0.0,0.0
5.550625,0.0,0.0,0.098366,0.0,0.0,0.0,0.0
5.600625,0.0,0.0,0.098366,0.0,0.0,0.0,0.0
5.650625,0.0,0.0,0.098366,0.0,0.0,0.0,0.0
5.700625,0.0,0.0,0.098366,0.0,0.0,0.0,0.0
5.750625,0.0,0.0,0.098366,0.0,0.0,0.0,0.0
5.800625,0.0,0.0,0.098366,0.0,0.0,0.0,0.0
5.850625,0.0,0.0,0.098366,0.0,0.0,0.0,0.0
5.900625,0.0,0.0,0.098366,0.0,0.0,0.0,0.0
5.950625,0.0,0.0,0.098366,0.0,0.0,0.0,0.0
6.000625,0.0,0.0,0.098366,0.0,0.0,0.0,0.0
6.050625,0.0,0.0,0.098366,0.0,0.0,0.0,0.0
6.100625,0.0,0.0,0.098366,0.0,0.0,0.0,0.0
6.150625,0.0,0.0,0.098366,0.0,0.0,0.0,0.0
6.200625,0.0,0.0,0.098366,0.0,0.0,0.0,0.0
6.250625,0.0,0.0,0.098366,0.0,0.0,0.0,0.0
6.300625,0.0,0.0,0.098366,0.0,0.0,0.0,0.0
6.350625,0.0,0.0,0.098366,0.0,0.0,0.0,0.0
6.400625,0.0,0.0,0.098366,0.0,0.0,0.0,0.0
6.450625,0.0,0.0,0.098366,0.0,0.0,0.0,0.0
6.500625,0.0,0.0,0.098366,0.0,0.0,0.0,0.0
6.550625,0.0,0.0,0.098366,0.0,0.0,0.0,0.0
6.600625,0.0,0.0,0.098366,0.0,0.0,0.0,0.0
6.650625,0.0,0.0,0.098366,0.0,0.0,0.0,0.0
6.700625,0.0,0.0,0.098366,0.0,0.0,0.0,0.0
6.750625,0.0,0.0,0.098366,0.0,0.0,0.0,0.0
6.800625,0.0,0.0,0.098366,0.0,0.0,0.0,0.0
6.850625,0.0,0.0,0.098366,0.0,0.0,0.0,0.0
6.900625,0.0,0.0,0.098366,0.0,0.0,0.0,0.0
6.950625,0.0,0.0,0.098366,0.0,0.0,0.0,0.0
7.000625,0.0,0.0,0.098366,0.0,0.0,0.0,0.0
7.050625,0.0,0.0,0.098366,0.0,0.0,0.0,0.0
7.100625,0.0,0.0,0.098366,0.0,0.0,0.0,0.0
7.150625,0.0,0.0,0.098366,0.0,0.0,0.0,0.0
7.200625,0.0,0.0,0.098366,0.0,0.0,0.0,0.0
7.250625,0.0,0.0,0.098366,0.0,0.0,0.0,0.0
7.300625,0.0,0.0,0.098366,0.0,0.0,0.0,0.0
7.350625,0.0,0.0,0.098366,0.0,0.0,0.0,0.0
7.400625,0.0,0.0,0.098366,0.0,0.0,0.0,0.0
7.450625,0.0,0.0,0.098366,0.0,0.0,0.0,0.0
7.500625,0.0,0.0,0.098366,0.0,0.0,0.0,0.0
7.550625,0.0,0.0,0.098366,0.0,0.0,0.0,0.0
7.600625,0.0,0.0,0.098366,0.0,0.0,0.0,0.0
7.650625,0.0,0.0,0.098366,0.0,0.0,0.0,0.0
7.700625,0.0,0.0,0.098366,0.0,0.0,0.0,0.0
7.750625,0.0,0.0,0.098366,0.0,0.0,0.0,0.0
7.800625,0.0,0.0,0.098366,0.0,0.0,0.0,0.0
7.850625,0.0,0.0,0.098366,0.0,0.0,0.0,0.0
7.900625,0.0,0.0,0.098366,0.0,0.0,0.0,0.0
7.950625,0.0,0.0,0.098366,0.0,0.0,0.0,0.0
8.000625,0.0,0.0,0.098366,0.0,0.0,0.0,0.0
8.050625,0.0,0.0,0.098366,0.0,0.0,0.0,0.0
8.100625,0.0,0.0,0.098366,0.0,0.0,0.0,0.0
8.150625,0.0,0.0,0.098366,0.0,0.0,0.0,0.0
8.200625,0.0,0.0,0.098366,0.0,0.0,0.0,0.0
8.250625,0.0,0.0,0.098366,0.0,0.0,0.0,0.0
8.300625,0.0,0.0,0.098366,0.0,0.0,0.0,0.0
8.350625,0.0,0.0,0.098366,0.0,0.0,0.0,0.0
8.400625,0.0,0.0,0.098366,0.0,0.0,0.0,0.0
8.450625,0.0,0.0,0.098366,0.0,0.0,0.0,0.0
8.500625,0.0,0.0,0.098366,0.0,0.0,0.0,0.0
8.550625,0.0,0.0,0.098366,0.0,0.0,0.0,0.0
8.600625,0.0,0.0,0.098366,0.0,0.0,0.0,0.0
8.650625,0.0,0.0,0.098366,0.0,0.0,0.0,0.0
8.700625,0.0,0.0,0.098366,0.0,0.0,0.0,0.0
8.750625,0.0,0.0,0.098366,0.0,0.0,0.0,0.0
8.800625,0.0,0.0,0.098366,0.0,0.0,0.0,0.0
8.850625,0.0,0.0,0.098366,0.0,0.0,0.0,0.0
8.900625,0.0,0.0,0.098366,0.0,0.0,0.0,0.0
8.950625,0.0,0.0,0.098366,0.0,0.0,0.0,0.0
9.000625,0.0,0.0,0.098366,0.0,0.0,0.0,0.0
9.050625,0.0,0.0,0.098366,0.0,0.0,0.0,0.0
9.100625,0.0,0.0,0.098366,0.0,0.0,0.0,0.0
9.150625,0.0,0.0,0.098366,0.0,0.0,0.0,0.0
9.200625,0.0,0.0,0.098366,0.0,0.0,0.0,0.0
9.250625,0.0,0.0,0.098366,0.0,0.0,0.0,0.0
9.300625,0.0,0.0,0.098366,0.0,0.0,0.0,0.0
9.350625,0.0,0.0,0.098366,0.0,0.0,0.0,0.0
9.400625,0.0,0.0,0.098366,0.0,0.0,0.0,0.0
9.450625,0.0,0.0,0.098366,0.0,0.0,0.0,0.0
9.500625,0.0,0.0,0.098366,0.0,0.0,0.0,0.0
9.550625,0.0,0.0,0.098366,0.0,0.0,0.0,0.0
9.600625,0.0,0.0,0.098366,0.0,0.0,0.0,0.0
9.650625,0.0,0.0,0.098366,0.0,0.0,0.0,0.0
9.700625,0.0,0.0,0.098366,0.0,0.0,0.0,0.0
9.750625,0.0,0.0,0.098366,0.0,0.0,0.0,0.0
9.800625,0.0,0.0,0.098366,0.0,0.0,0.0,0.0
9.850625,0.0,0.0,0.098366,0.0,0.0,0.0,0.0
9.900625,0.0,0.0,0.098366,0.0,0.0,0.0,0.0
9.950625,0.0,0.0,0.098366,0.0,0.0,0.0,0.0
10.000625,0.0,0.0,0.098366,0.0,0.0,0.0,0.0
10.050625,0.0,0.0,0.098366,0.0,0.0,0.0,0.0
10.100625,0.0,0.0,0.098366,0.0,0.0,0.0,0.0
10.150625,0.0,0.0,0.098366,0.0,0.0,0.0,0.0
10.200625,0.0,0.0,0.098366,0.0,0.0,0.0,0.0
10.250625,0.0,0.0,0.098366,0.0,0.0,0.0,0.0
10.300625,0.0,0.0,0.098366,0.0,0.0,0.0,0.0
10.350625,0.0,0.0,0.098366,0.0,0.0,0.0,0.0
10.400625,0.0,0.0,0.098366,0.0,0.0,0.0,0.0
10.450625,0.0,0.0,0.098366,0.0,0.0,0.0,0.0
10.500625,0.0,0.0,0.098366,0.0,0.0,0.0,0.0
10.550625,0.0,0.0,0.098366,0.0,0.0,0.0,0.0
10.600625,0.0,0.0,0.098366,0.0,0.0,0.0,0.0
10.650625,0.0,0.0,0.098366,0.0,0.0,0.0,0.0
10.700625,0.0,0.0,0.098366,0.0,0.0,0.0,0.0
10.750625,0.0,0.0,0.098366,0.0,0.0,0.0,0.0
10.800625,0.0,0.0,0.098366,0.0,0.0,0.0,0.0
10.850625,0.0,0.0,0.098366,0.0,0.0,0.0,0.0
10.900625,0.0,0.0,0.098366,0.0,0.0,0.0,0.0
10.950625,0.0,0.0,0.098366,0.0,0.0,0.0,0.0
11.000625,0.0,0.0,0.098366,0.0,0.0,0.0,0.0
11.050625,0.0,0.0,0.098366,0.0,0.0,0.0,0.0
11.100625,0.0,0.0,0.098366,0.0,0.0,0.0,0.0
11.150625,0.0,0.0,0.098366,0.0,0.0,0.0,0.0
11.200625,0.0,0.0,0.098366,0.0,0.0,0.0,0.0
11.250625,0.0,0.0,0.098366,0.0,0.0,0.0,0.0
11.300625,0.0,0.0,0.098366,0.0,0.0,0.0,0.0
11.350625,0.0,0.0,0.098366,0.0,0.0,0.0,0.0
11.400625,0.0,0.0,0.098366,0.0,0.0,0.0,0.0
11.450625,0.0,0.0,0.098366,0.0,0.0,0.0,0.0
11.500625,0.0,0.0,0.098366,0.0,0.0,0.0,0.0
11.550625,0.0,0.0,0.098366,0.0,0.0,0.0,0.0
11.600625,0.0,0.0,0.098366,0.0,0.0,0.0,0.0
11.650625,0.0,0.0,0.098366,0.0,0.0,0.0,0.0
11.700625,0.0,0.0,0.098366,0.0,0.0,0.0,0.0
11.750625,0.0,0.0,0.098366,0.0,0.0,0.0,0.0
11.800625,0.0,0.0,0.098366,0.0,0.0,0.0,0.0
11.850625,0.0,0.0,0.098366,0.0,0.0,0.0,0.0
11.900625,0.0,0.0,0.098366,0.0,0.0,0.0,0.0
11.950625,0.0,0.0,0.098366,0.0,0.0,0.0,0.0
12.000625,0.0,0.0,0.098366,0.0,0.0,0.0,0.0
12.050625,0.0,0.0,0.098366,0.0,0.0,0.0,0.0
12.100625,0.0,0.0,0.098366,0.0,0.0,0.0,0.0
12.150625,0.0,0.0,0.098366,0.0,0.0,0.0,0.0
12.200625,0.0,0.0,0.098366,0.0,0.0,0.0,0.0
12.250625,0.0,0.0,0.098366,0.0,0.0,0.0,0.0
12.300625,0.0,0.0,0.098366,0.0,0.0,0.0,0.0
12.350625,0.0,0.0,0.098366,0.0,0.0,0.0,0.0
12.400625,0.0,0.0,0.098366,0.0,0.0,0.0,0.0
12.450625,0.0,0.0,0.098366,0.0,0.0,0.0,0.0
12.500625,0.0,0.0,0.098366,0.0,0.0,0.0,0.0
12.550625,0.0,0.0,0.098366,0.0,0.0,0.0,0.0
12.600625,0.0,0.0,0.098366,0.0,0.0,0.0,0.0
12.650625,0.0,0.0,0.098366,0.0,0.0,0.0,0.0
12.700625,0.0,0.0,0.098366,0.0,0.0,0.0,0.0
12.750625,0.0,0.0,0.098366,0.0,0.0,0.0,0.0
12.800625,0.0,0.0,0.098366,0.0,0.0,0.0,0.0
12.850625,0.0,0.0,0.098366,0.0,0.0,0.0,0.0
12.900625,0.0,0.0,0.098366,0.0,0.0,0.0,0.0
12.950625,0.0,0.0,0.098366,0.0,0.0,0.0,0.0
13.000625,0.0,0.0,0.098366,0.0,0.0,0.0,0.0
13.050625,0.0,0.0,0.098366,0.0,0.0,0.0,0.0
13.100625,0.0,0.0,0.098366,0.0,0.0,0.0,0.0
13.150625,0.0,0.0,0.098366,0.0,0.0,0.0,0.0
13.200625,0.0,0.0,0.098366,0.0,0.0,0.0,0.0
13.250625,0.0,0.0,0.098366,0.0,0.0,0.0,0.0
13.300625,0.0,0.0,0.098366,0.0,0.0,0.0,0.0
13.350625,0.0,0.0,0.098366,0.0,0.0,0.0,0.0
13.400625,0.0,0.0,0.098366,0.0,0.0,0.0,0.0
13.450625,0.0,0.0,0.098366,0.0,0.0,0.0,0.0
13.500625,0.0,0.0,0.098366,0.0,0.0,0.0,0.0
13.550625,0.0,0.0,0.098366,0.0,0.0,0.0,0.0
13.600625,0.0,0.0,0.098366,0.0,0.0,0.0,0.0
13.650625,0.0,0.0,0.098366,0.0,0.0,0.0,0.0
13.700625,0.0,0.0,0.098366,0.0,0.0,0.0,0.0
13.750625,0.0,0.0,0.098366,0.0,0.0,0.0,0.0
13.800625,0.0,0.0,0.098366,0.0,0.0,0.0,0.0
13.850625,0.0,0.0,0.098366,0.0,0.0,0.0,0.0
13.900625,0.0,0.0,0.098366,0.0,0.0,0.0,0.0
13.950625,0.0,0.0,0.098366,0.0,0.0,0.0,0.0
14.000625,0.0,0.0,0.098366,0.0,0.0,0.0,0.0
14.050625,0.0,0.0,0.098366,0.0,0.0,0.0,0.0
14.100625,0.0,0.0,0.098366,0.0,0.0,0.0,0.0
14.150625,0.0,0.0,0.098366,0.0,0.0,0.0,0.0
14.200625,0.0,0.0,0.098366,0.0,0.0,0.0,0.0
14.250625,0.0,0.0,0.098366,0.0,0.0,0.0,0.0
14.300625,0.0,0.0,0.098366,0.0,0.0,0.0,0.0
14.350625,0.0,0.0,0.098366,0.0,0.0,0.0,0.0
14.400625,0.0,0.0,0.098366,0.0,0.0,0.0,0.0
14.450625,0.0,0.0,0.098366,0.0,0.0,0.0,0.0
14.500625,0.0,0.0,0.098366,0.0,0.0,0.0,0.0
14.550625,0.0,0.0,0.098366,0.0,0.0,0.0,0.0
14.600625,0.0,0.0,0.098366,0.0,0.0,0.0,0.0
14.650625,0.0,0.0,0.098366,0.0,0.0,0.0,0.0
14.700625,0.0,0.0,0.098366,0.0,0.0,0.0,0.0
14.750625,0.0,0.0,0.098366,0.0,0.0,0.0,0.0
14.800625,0.0,0.0,0.098366,0.0,0.0,0.0,0.0
14.850625,0.0,0.0,0.098366,0.0,0.0,0.0,0.0
14.900625,0.0,0.0,0.098366,0.0,0.0,0.0,0.0
14.950625,0.0,0.0,0.098366,0.0,0.0,0.0,0.0
15.000625,0.0,0.0,0.098366,0.0,0.0,0.0,0.0
15.050625,0.0,0.0,0.098366,0.0,0.0,0.0,0.0
15.100625,0.0,0.0,0.098366,0.0,0.0,0.0,0.0
15.150625,0.0,0.0,0.098366,0.0,0.0,0.0,0.0
15.200625,0.0,0.0,0.098366,0.0,0.0,0.0,0.0
15.250625,0.0,0.0,0.098366,0.0,0.0,0.0,0.0
15.300625,0.0,0.0,0.098366,0.0,0.0,0.0,0.0
15.350625,0.0,0.0,0.098366,0.0,0.0,0.0,0.0
15.400625,0.0,0.0,0.098366,0.0,0.0,0.0,0.0
15.450625,0.0,0.0,0.098366,0.0,0.0,0.0,0.0
15.500625,0.0,0.0,0.098366,0.0,0.0,0.0,0.0
15.550625,0.0,0.0,0.098366,0.0,0.0,0.0,0.0
15.600625,0.0,0.0,0.098366,0.0,0.0,0.0,0.0
15.650625,0.0,0.0,0.098366,0.0,0.0,0.0,0.0
15.700625,0.0,0.0,0.098366,0.0,0.0,0.0,0.0
15.750625,0.0,0.0,0.098366,0.0,0.0,0.0,0.0
15.800625,0.0,0.0,0.098366,0.0,0.0,0.0,0.0
15.850625,0.0,0.0,0.098366,0.0,0.0,0.0,0.0
15.900625,0.0,0.0,0.098366,0.0,0.0,0.0,0.0
15.950625,0.0,0.0,0.098366,0.0,0.0,0.0,0.0
16.000625,0.0,0.0,0.098366,0.0,0.0,0.0,0.0
16.050625,0.0,0.0,0.098366,0.0,0.0,0.0,0.0
16.100625,0.0,0.0,0.098366,0.0,0.0,0.0,0.0
16.150625,0.0,0.0,0.098366,0.0,0.0,0.0,0.0
16.200625,0.0,0.0,0.098366,0.0,0.0,0.0,0.0
16.250625,0.0,0.0,0.098366,0.0,0.0,0.0,0.0
16.300625,0.0,0.0,0.098366,0.0,0.0,0.0,0.0
16.350625,0.0,0.0,0.098366,0.0,0.0,0.0,0.0
16.400625,0.0,0.0,0.098366,0.0,0.0,0.0,0.0
16.450625,0.0,0.0,0.098366,0.0,0.0,0.0,0.0
16.500625,0.0,0.0,0.098366,0.0,0.0,0.0,0.0
16.550625,0.0,0.0,0.098366,0.0,0.0,0.0,0.0
16.600625,0.0,0.0,0.098366,0.0,0.0,0.0,0.0
16.650625,0.0,0.0,0.098366,0.0,0.0,0.0,0.0
16.700625,0.0,0.0,0.098366,0.0,0.0,0.0,0.0
16.750625,0.0,0.0,0.098366,0.0,0.0,0.0,0.0
16.800625,0.0,0.0,0.098366,0.0,0.0,0.0,0.0
16.850625,0.0,0.0,0.098366,0.0,0.0,0.0,0.0
16.900625,0.0,0.0,0.098366,0.0,0.0,0.0,0.0
16.950625,0.0,0.0,0.098366,0.0,0.0,0.0,0.0
17.000625,0.0,0.0,0.098366,0.0,0.0,0.0,0.0
17.050625,0.0,0.0,0.098366,0.0,0.0,0.0,0.0
17.100625,0.0,0.0,0.098366,0.0,0.0,0.0,0.0
17.150625,0.0,0.0,0.098366,0.0,0.0,0.0,0.0
17.200625,0.0,0.0,0.098366,0.0,0.0,0.0,0.0
17.250625,0.0,0.0,0.098366,0.0,0.0,0.0,0.0
17.300625,0.0,0.0,0.098366,0.0,0.0,0.0,0.0
17.350625,0.0,0.0,0.098366,0.0,0.0,0.0,0.0
17.400625,0.0,0.0,0.098366,0.0,0.0,0.0,0.0
17.450625,0.0,0.0,0.098366,0.0,0.0,0.0,0.0
17.500625,0.0,0.0,0.098366,0.0,0.0,0.0,0.0
17.550625,0.0,0.0,0.098366,0.0,0.0,0.0,0.0
17.600625,0.0,0.0,0.098366,0.0,0.0,0.0,0.0
17.650625,0.0,0.0,0.098366,0.0,0.0,0.0,0.0
17.700625,0.0,0.0,0.098366,0.0,0.0,0.0,0.0
17.750625,0.0,0.0,0.098366,0.0,0.0,0.0,0.0
17.800625,0.0,0.0,0.098366,0.0,0.0,0.0,0.0
17.850625,0.0,0.0,0.098366,0.0,0.0,0.0,0.0
17.900625,0.0,0.0,0.098366,0.0,0.0,0.0,0.0
17.950625,0.0,0.0,0.098366,0.0,0.0,0.0,0.0
18.000625,0.0,0.0,0.098366,0.0,0.0,0.0,0.0
18.050625,0.0,0.0,0.098366,0.0,0.0,0.0,0.0
18.100625,0.0,0.0,0.098366,0.0,0.0,0.0,0.0
18.150625,0.0,0.0,0.098366,0.0,0.0,0.0,0.0
18.200625,0.0,0.0,0.098366,0.0,0.0,0.0,0.0
18.250625,0.0,0.0,0.098366,0.0,0.0,0.0,0.0
18.300625,0.0,0.0,0.098366,0.0,0.0,0.0,0.0
18.350625,0.0,0.0,0.098366,0.0,0.0,0.0,0.0
18.400625,0.0,0.0,0.098366,0.0,0.0,0.0,0.0
18.450625,0.0,0.0,0.098366,0.0,0.0,0.0,0.0
18.500625,0.0,0.0,0.098366,0.0,0.0,0.0,0.0
18.550625,0.0,0.0,0.098366,0.0,0.0,0.0,0.0
18.600625,0.0,0.0,0.098366,0.0,0.0,0.0,0.0
18.650625,0.0,0.0,0.098366,0.0,0.0,0.0,0.0
18.700625,0.0,0.0,0.098366,0.0,0.0,0.0,0.0
18.750625,0.0,0.0,0.098366,0.0,0.0,0.0,0.0
18.800625,0.0,0.0,0.098366,0.0,0.0,0.0,0.0
18.850625,0.0,0.0,0.098366,0.0,0.0,0.0,0.0
18.900625,0.0,0.0,0.098366,0.0,0.0,0.0,0.0
18.950625,0.0,0.0,0.098366,0.0,0.0,0.0,0.0
19.000625,0.0,0.0,0.098366,0.0,0.0,0.0,0.0
19.050625,0.0,0.0,0.098366,0.0,0.0,0.0,0.0
19.100625,0.0,0.0,0.098366,0.0,0.0,0.0,0.0
19.150625,0.0,0.0,0.098366,0.0,0.0,0.0,0.0
19.200625,0.0,0.0,0.098366,0.0,0.0,0.0,0.0
19.250625,0.0,0.0,0.098366,0.0,0.0,0.0,0.0
19.300625,0.0,0.0,0.098366,0.0,0.0,0.0,0.0
19.350625,0.0,0.0,0.098366,0.0,0.0,0.0,0.0
19.400625,0.0,0.0,0.098366,0.0,0.0,0.0,0.0
19.450625,0.0,0.0,0.098366,0.0,0.0,0.0,0.0
19.500625,0.0,0.0,0.098366,0.0,0.0,0.0,0.0
19.550625,0.0,0.0,0.098366,0.0,0.0,0.0,0.0
19.600625,0.0,0.0,0.098366,0.0,0.0,0.0,0.0
19.650625,0.0,0.0,0.098366,0.0,0.0,0.0,0.0
19.700625,0.0,0.0,0.098366,0.0,0.0,0.0,0.0
19.750625,0.0,0.0,0.098366,0.0,0.0,0.0,0.0
19.800625,0.0,0.0,0.098366,0.0,0.0,0.0,0.0
19.850625,0.0,0.0,0.098366,0.0,0.0,0.0,0.0
19.900625,0.0,0.0,0.098366,0.0,0.0,0.0,0.0
19.950625,0.0,0.0,0.098366,0.0,0.0,0.0,0.0
20.000625,0.0,0.0,0.098366,0.0,0.0,0.0,0.0
20.050625,0.0,0.0,0.098366,0.0,0.0,0.0,0.0
20.100625,0.0,0.0,0.098366,0.0,0.0,0.0,0.0
20.150625,0.0,0.0,0.098366,0.0,0.0,0.0,0.0
20.200625,0.0,0.0,0.098366,0.0,0.0,0.0,0.0
20.250625,0.0,0.0,0.098366,0.0,0.0,0.0,0.0
20.300625,0.0,0.0,0.098366,0.0,0.0,0.0,0.0
20.350625,0.0,0.0,0.098366,0.0,0.0,0.0,0.0
20.400625,0.0,0.0,0.098366,0.0,0.0,0.0,0.0
20.450625,0.0,0.0,0.098366,0.0,0.0,0.0,0.0
20.500625,0.0,0.0,0.098366,0.0,0.0,0.0,0.0
20.550625,0.0,0.0,0.098366,0.0,0.0,0.0,0.0
20.600625,0.0,0.0,0.098366,0.0,0.0,0.0,0.0
20.650625,0.0,0.0,0.098366,0.0,0.0,0.0,0.0
20.700625,0.0,0.0,0.098366,0.0,0.0,0.0,0.0
20.750625,0.0,0.0,0.098366,0.0,0.0,0.0,0.0
20.800625,0.0,0.0,0.098366,0.0,0.0,0.0,0.0
20.850625,0.0,0.0,0.098366,0.0,0.0,0.0,0.0
20.900625,0.0,0.0,0.098366,0.0,0.0,0.0,0.0
20.950625,0.0,0.0,0.098366,0.0,0.0,0.0,0.0
21.000625,0.0,0.0,0.098366,0.0,0.0,0.0,0.0
21.050625,0.0,0.0,0.098366,0.0,0.0,0.0,0.0
21.100625,0.0,0.0,0.098366,0.0,0.0,0.0,0.0
21.150625,0.0,0.0,0.098366,0.0,0.0,0.0,0.0
21.200625,0.0,0.0,0.098366,0.0,0.0,0.0,0.0
21.250625,0.0,0.0,0.098366,0.0,0.0,0.0,0.0
21.300625,0.0,0.0,0.098366,0.0,0.0,0.0,0.0
21.350625,0.0,0.0,0.098366,0.0,0.0,0.0,0.0
21.400625,0.0,0.0,0.098366,0.0,0.0,0.0,0.0
21.450625,0.0,0.0,0.098366,0.0,0.0,0.0,0.0
21.500625,0.0,0.0,0.098366,0.0,0.0,0.0,0.0
21.550625,0.0,0.0,0.098366,0.0,0.0,0.0,0.0
21.600625,0.0,0.0,0.098366,0.0,0.0,0.0,0.0
21.650625,0.0,0.0,0.098366,0.0,0.0,0.0,0.0
21.700625,0.0,0.0,0.098366,0.0,0.0,0.0,0.0
21.750625,0.0,0.0,0.098366,0.0,0.0,0.0,0.0
21.800625,0.0,0.0,0.098366,0.0,0.0,0.0,0.0
21.850625,0.0,0.0,0.098366,0.0,0.0,0.0,0.0
21.900625,0.0,0.0,0.098366,0.0,0.0,0.0,0.0
21.950625,0.0,0.0,0.098366,0.0,0.0,0.0,0.0
22.000625,0.0,0.0,0.098366,0.0,0.0,0.0,0.0
22.050625,0.0,0.0,0.098366,0.0,0.0,0.0,0.0
22.100625,0.0,0.0,0.098366,0.0,0.0,0.0,0.0
22.150625,0.0,0.0,0.098366,0.0,0.0,0.0,0.0
22.200625,0.0,0.0,0.098366,0.0,0.0,0.0,0.0
22.250625,0.0,0.0,0.098366,0.0,0.0,0.0,0.0
22.300625,0.0,0.0,0.098366,0.0,0.0,0.0,0.0
22.350625,0.0,0.0,0.098366,0.0,0.0,0.0,0.0
22.400625,0.0,0.0,0.098366,0.0,0.0,0.0,0.0
22.450625,0.0,0.0,0.098366,0.0,0.0,0.0,0.0
22.500625,0.0,0.0,0.098366,0.0,0.0,0.0,0.0
22.550625,0.0,0.0,0.098366,0.0,0.0,0.0,0.0
22.600625,0.0,0.0,0.098366,0.0,0.0,0.0,0.0
22.650625,0.0,0.0,0.098366,0.0,0.0,0.0,0.0
22.700625,0.0,0.0,0.098366,0.0,0.0,0.0,0.0
22.750625,0.0,0.0,0.098366,0.0,0.0,0.0,0.0
22.800625,0.0,0.0,0.098366,0.0,0.0,0.0,0.0
22.850625,0.0,0.0,0.098366,0.0,0.0,0.0,0.0
22.900625,0.0,0.0,0.098366,0.0,0.0,0.0,0.0
22.950625,0.0,0.0,0.098366,0.0,0.0,0.0,0.0
23.000625,0.0,0.0,0.098366,0.0,0.0,0.0,0.0
23.050625,0.0,0.0,0.098366,0.0,0.0,0.0,0.0
23.100625,0.0,0.0,0.098366,0.0,0.0,0.0,0.0
23.150625,0.0,0.0,0.098366,0.0,0.0,0.0,0.0
23.200625,0.0,0.0,0.098366,0.0,0.0,0.0,0.0
23.250625,0.0,0.0,0.098366,0.0,0.0,0.0,0.0
23.300625,0.0,0.0,0.098366,0.0,0.0,0.0,0.0
23.350625,0.0,0.0,0.098366,0.0,0.0,0.0,0.0
23.400625,0.0,0.0,0.098366,0.0,0.0,0.0,0.0
23.450625,0.0,0.0,0.098366,0.0,0.0,0.0,0.0
23.500625,0.0,0.0,0.098366,0.0,0.0,0.0,0.0
23.550625,0.0,0.0,0.098366,0.0,0.0,0.0,0.0
23.600625,0.0,0.0,0.098366,0.0,0.0,0.0,0.0
23.650625,0.0,0.0,0.098366,0.0,0.0,0.0,0.0
23.700625,0.0,0.0,0.098366,0.0,0.0,0.0,0.0
23.750625,0.0,0.0,0.098366,0.0,0.0,0.0,0.0
23.800625,0.0,0.0,0.098366,0.0,0.0,0.0,0.0
23.850625,0.0,0.0,0.098366,0.0,0.0,0.0,0.0
23.900625,0.0,0.0,0.098366,0.0,0.0,0.0,0.0
23.950625,0.0,0.0,0.098366,0.0,0.0,0.0,0.0
24.000625,0.0,0.0,0.098366,0.0,0.0,0.0,0.0
24.050625,0.0,0.0,0.098366,0.0,0.0,0.0,0.0
24.100625,0.0,0.0,0.098366,0.0,0.0,0.0,0.0
24.150625,0.0,0.0,0.098366,0.0,0.0,0.0,0.0
24.200625,0.0,0.0,0.098366,0.0,0.0,0.0,0.0
24.250625,0.0,0.0,0.098366,0.0,0.0,0.0,0.0
24.300625,0.0,0.0,0.098366,0.0,0.0,0.0,0.0
24.350625,0.0,0.0,0.098366,0.0,0.0,0.0,0.0
24.400625,0.0,0.0,0.098366,0.0,0.0,0.0,0.0
24.450625,0.0,0.0,0.098366,0.0,0.0,0.0,0.0
24.500625,0.0,0.0,0.098366,0.0,0.0,0.0,0.0
24.550625,0.0,0.0,0.098366,0.0,0.0,0.0,0.0
24.600625,0.0,0.0,0.098366,0.0,0.0,0.0,0.0
24.650625,0.0,0.0,0.098366,0.0,0.0,0.0,0.0
24.700625,0.0,0.0,0.098366,0.0,0.0,0.0,0.0
24.750625,0.0,0.0,0.098366,0.0,0.0,0.0,0.0
24.800625,0.0,0.0,0.098366,0.0,0.0,0.0,0.0
24.850625,0.0,0.0,0.098366,0.0,0.0,0.0,0.0
24.900625,0.0,0.0,0.098366,0.0,0.0,0.0,0.0
24.950625,0.0,0.0,0.098366,0.0,0.0,0.0,0.0
25.000625,0.0,0.0,0.098366,0.0,0.0,0.0,0.0
25.050625,0.0,0.0,0.098366,0.0,0.0,0.0,0.0
25.100625,0.0,0.0,0.098366,0.0,0.0,0.0,0.0
25.150625,0.0,0.0,0.098366,0.0,0.0,0.0,0.0
25.200625,0.0,0.0,0.098366,0.0,0.0,0.0,0.0
25.250625,0.0,0.0,0.098366,0.0,0.0,0.0,0.0
25.300625,0.0,0.0,0.098366,0.0,0.0,0.0,0.0
25.350625,0.0,0.0,0.098366,0.0,0.0,0.0,0.0
25.400625,0.0,0.0,0.098366,0.0,0.0,0.0,0.0
25.450625,0.0,0.0,0.098366,0.0,0.0,0.0,0.0
25.500625,0.0,0.0,0.098366,0.0,0.0,0.0,0.0
25.550625,0.0,0.0,0.098366,0.0,0.0,0.0,0.0
25.600625,0.0,0.0,0.098366,0.0,0.0,0.0,0.0
25.650625,0.0,0.0,0.098366,0.0,0.0,0.0,0.0
25.700625,0.0,0.0,0.098366,0.0,0.0,0.0,0.0
25.750625,0.0,0.0,0.098366,0.0,0.0,0.0,0.0
25.800625,0.0,0.0,0.098366,0.0,0.0,0.0,0.0
25.850625,0.0,0.0,0.098366,0.0,0.0,0.0,0.0
25.900625,0.0,0.0,0.098366,0.0,0.0,0.0,0.0
25.950625,0.0,0.0,0.098366,0.0,0.0,0.0,0.0
26.000625,0.0,0.0,0.098366,0.0,0.0,0.0,0.0
26.050625,0.0,0.0,0.098366,0.0,0.0,0.0,0.0
26.100625,0.0,0.0,0.098366,0.0,0.0,0.0,0.0
26.150625,0.0,0.0,0.098366,0.0,0.0,0.0,0.0
26.200625,0.0,0.0,0.098366,0.0,0.0,0.0,0.0
26.250625,0.0,0.0,0.098366,0.0,0.0,0.0,0.0
26.300625,0.0,0.0,0.098366,0.0,0.0,0.0,0.0
26.350625,0.0,0.0,0.098366,0.0,0.0,0.0,0.0
26.400625,0.0,0.0,0.098366,0.0,0.0,0.0,0.0
26.450625,0.0,0.0,0.098366,0.0,0.0,0.0,0.0
26.500625,0.0,0.0,0.098366,0.0,0.0,0.0,0.0
26.550625,0.0,0.0,0.098366,0.0,0.0,0.0,0.0
26.600625,0.0,0.0,0.098366,0.0,0.0,0.0,0.0
26.650625,0.0,0.0,0.098366,0.0,0.0,0.0,0.0
26.700625,0.0,0.0,0.098366,0.0,0.0,0.0,0.0
26.750625,0.0,0.0,0.098366,0.0,0.0,0.0,0.0
26.800625,0.0,0.0,0.098366,0.0,0.0,0.0,0.0
26.850625,0.0,0.0,0.098366,0.0,0.0,0.0,0.0
26.900625,0.0,0.0,0.098366,0.0,0.0,0.0,0.0
26.950625,0.0,0.0,0.098366,0.0,0.0,0.0,0.0
27.000625,0.0,0.0,0.098366,0.0,0.0,0.0,0.0
27.050625,0.0,0.0,0.098366,0.0,0.0,0.0,0.0
27.100625,0.0,0.0,0.098366,0.0,0.0,0.0,0.0
27.150625,0.0,0.0,0.098366,0.0,0.0,0.0,0.0
27.200625,0.0,0.0,0.098366,0.0,0.0,0.0,0.0
27.250625,0.0,0.0,0.098366,0.0,0.0,0.0,0.0
27.300625,0.0,0.0,0.098366,0.0,0.0,0.0,0.0
27.350625,0.0,0.0,0.098366,0.0,0.0,0.0,0.0
27.400625,0.0,0.0,0.098366,0.0,0.0,0.0,0.0
27.450625,0.0,0.0,0.098366,0.0,0.0,0.0,0.0
27.500625,0.0,0.0,0.098366,0.0,0.0,0.0,0.0
27.550625,0.0,0.0,0.098366,0.0,0.0,0.0,0.0
27.600625,0.0,0.0,0.098366,0.0,0.0,0.0,0.0
27.650625,0.0,0.0,0.098366,0.0,0.0,0.0,0.0
27.700625,0.0,0.0,0.098366,0.0,0.0,0.0,0.0
27.750625,0.0,0.0,0.098366,0.0,0.0,0.0,0.0
27.800625,0.0,0.0,0.098366,0.0,0.0,0.0,0.0
27.850625,0.0,0.0,0.098366,0.0,0.0,0.0,0.0
27.900625,0.0,0.0,0.098366,0.0,0.0,0.0,0.0
27.950625,0.0,0.0,0.098366,0.0,0.0,0.0,0.0
28.000625,0.0,0.0,0.098366,0.0,0.0,0.0,0.0
28.050625,0.0,0.0,0.098366,0.0,0.0,0.0,0.0
28.100625,0.0,0.0,0.098366,0.0,0.0,0.0,0.0
28.150625,0.0,0.0,0.098366,0.0,0.0,0.0,0.0
28.200625,0.0,0.0,0.098366,0.0,0.0,0.0,0.0
28.250625,0.0,0.0,0.098366,0.0,0.0,0.0,0.0
28.300625,0.0,0.0,0.098366,0.0,0.0,0.0,0.0
28.350625,0.0,0.0,0.098366,0.0,0.0,0.0,0.0
28.400625,0.0,0.0,0.098366,0.0,0.0,0.0,0.0
28.450625,0.0,0.0,0.098366,0.0,0.0,0.0,0.0
28.500625,0.0,0.0,0.098366,0.0,0.0,0.0,0.0
28.550625,0.0,0.0,0.098366,0.0,0.0,0.0,0.0
28.600625,0.0,0.0,0.098366,0.0,0.0,0.0,0.0
28.650625,0.0,0.0,0.098366,0.0,0.0,0.0,0.0
28.700625,0.0,0.0,0.098366,0.0,0.0,0.0,0.0
28.750625,0.0,0.0,0.098366,0.0,0.0,0.0,0.0
28.800625,0.0,0.0,0.098366,0.0,0.0,0.0,0.0
28.850625,0.0,0.0,0.098366,0.0,0.0,0.0,0.0
28.900625,0.0,0.0,0.098366,0.0,0.0,0.0,0.0
28.950625,0.0,0.0,0.098366,0.0,0.0,0.0,0.0
29.000625,0.0,0.0,0.098366,0.0,0.0,0.0,0.0
29.050625,0.0,0.0,0.098366,0.0,0.0,0.0,0.0
29.100625,0.0,0.0,0.098366,0.0,0.0,0.0,0.0
29.150625,0.0,0.0,0.098366,0.0,0.0,0.0,0.0
29.200625,0.0,0.0,0.098366,0.0,0.0,0.0,0.0
29.250625,0.0,0.0,0.098366,0.0,0.0,0.0,0.0
29.300625,0.0,0.0,0.098366,0.0,0.0,0.0,0.0
29.350625,0.0,0.0,0.098366,0.0,0.0,0.0,0.0
29.400625,0.0,0.0,0.098366,0.0,0.0,0.0,0.0
29.450625,0.0,0.0,0.098366,0.0,0.0,0.0,0.0
29.500625,0.0,0.0,0.098366,0.0,0.0,0.0,0.0
29.550625,0.0,0.0,0.098366,0.0,0.0,0.0,0.0
29.600625,0.0,0.0,0.098366,0.0,0.0,0.0,0.0
29.650625,0.0,0.0,0.098366,0.0,0.0,0.0,0.0
29.700625,0.0,0.0,0.098366,0.0,0.0,0.0,0.0
29.750625,0.0,0.0,0.098366,0.0,0.0,0.0,0.0
29.800625,0.0,0.0,0.098366,0.0,0.0,0.0,0.0
29.850625,0.0,0.0,0.098366,0.0,0.0,0.0,0.0
29.900625,0.0,0.0,0.098366,0.0,0.0,0.0,0.0
29.950625,0.0,0.0,0.098366,0.0,0.0,0.0,0.0
30.000625,0.0,0.0,0.098366,0.0,0.0,0.0,0.0
30.050625,0.0,0.0,0.098366,0.0,0.0,0.0,0.0
30.100625,0.0,0.0,0.098366,0.0,0.0,0.0,0.0
30.150625,0.0,0.0,0.098366,0.0,0.0,0.0,0.0
30.200625,0.0,0.0,0.098366,0.0,0.0,0.0,0.0
30.250625,0.0,0.0,0.098366,0.0,0.0,0.0,0.0
30.300625,0.0,0.0,0.098366,0.0,0.0,0.0,0.0
30.350625,0.0,0.0,0.098366,0.0,0.0,0.0,0.0
30.400625,0.0,0.0,0.098366,0.0,0.0,0.0,0.0
30.450625,0.0,0.0,0.098366,0.0,0.0,0.0,0.0
30.500625,0.0,0.0,0.098366,0.0,0.0,0.0,0.0
30.550625,0.0,0.0,0.098366,0.0,0.0,0.0,0.0
30.600625,0.0,0.0,0.098366,0.0,0.0,0.0,0.0
30.650625,0.0,0.0,0.098366,0.0,0.0,0.0,0.0
30.700625,0.0,0.0,0.098366,0.0,0.0,0.0,0.0
30.750625,0.0,0.0,0.098366,0.0,0.0,0.0,0.0
30.800625,0.0,0.0,0.098366,0.0,0.0,0.0,0.0
30.850625,0.0,0.0,0.098366,0.0,0.0,0.0,0.0
30.900625,0.0,0.0,0.098366,0.0,0.0,0.0,0.0
30.950625,0.0,0.0,0.098366,0.0,0.0,0.0,0.0
31.000625,0.0,0.0,0.098366,0.0,0.0,0.0,0.0
31.050625,0.0,0.0,0.098366,0.0,0.0,0.0,0.0
31.100625,0.0,0.0,0.098366,0.0,0.0,0.0,0.0
31.150625,0.0,0.0,0.098366,0.0,0.0,0.0,0.0
31.200625,0.0,0.0,0.098366,0.0,0.0,0.0,0.0
31.250625,0.0,0.0,0.098366,0.0,0.0,0.0,0.0
31.300625,0.0,0.0,0.098366,0.0,0.0,0.0,0.0
31.350625,0.0,0.0,0.098366,0.0,0.0,0.0,0.0
31.400625,0.0,0.0,0.098366,0.0,0.0,0.0,0.0
31.450625,0.0,0.0,0.098366,0.0,0.0,0.0,0.0
31.500625,0.0,0.0,0.098366,0.0,0.0,0.0,0.0
31.550625,0.0,0.0,0.098366,0.0,0.0,0.0,0.0
31.600625,0.0,0.0,0.098366,0.0,0.0,0.0,0.0
31.650625,0.0,0.0,0.098366,0.0,0.0,0.0,0.0
31.700625,0.0,0.0,0.098366,0.0,0.0,0.0,0.0
31.750625,0.0,0.0,0.098366,0.0,0.0,0.0,0.0
31.800625,0.0,0.0,0.098366,0.0,0.0,0.0,0.0
31.850625,0.0,0.0,0.098366,0.0,0.0,0.0,0.0
31.900625,0.0,0.0,0.098366,0.0,0.0,0.0,0.0
31.950625,0.0,0.0,0.098366,0.0,0.0,0.0,0.0
32.000625,0.0,0.0,0.098366,0.0,0.0,0.0,0.0
32.050625,0.0,0.0,0.098366,0.0,0.0,0.0,0.0
32.100625,0.0,0.0,0.098366,0.0,0.0,0.0,0.0
32.150625,0.0,0.0,0.098366,0.0,0.0,0.0,0.0
32.200625,0.0,0.0,0.098366,0.0,0.0,0.0,0.0
32.250625,0.0,0.0,0.098366,0.0,0.0,0.0,0.0
32.300625,0.0,0.0,0.098366,0.0,0.0,0.0,0.0
32.350625,0.0,0.0,0.098366,0.0,0.0,0.0,0.0
32.400625,0.0,0.0,0.098366,0.0,0.0,0.0,0.0
32.450625,0.0,0.0,0.098366,0.0,0.0,0.0,0.0
32.500625,0.0,0.0,0.098366,0.0,0.0,0.0,0.0
32.550625,0.0,0.0,0.098366,0.0,0.0,0.0,0.0
32.600625,0.0,0.0,0.098366,0.0,0.0,0.0,0.0
32.650625,0.0,0.0,0.098366,0.0,0.0,0.0,0.0
32.700625,0.0,0.0,0.098366,0.0,0.0,0.0,0.0
32.750625,0.0,0.0,0.098366,0.0,0.0,0.0,0.0
32.800625,0.0,0.0,0.098366,0.0,0.0,0.0,0.0
32.850625,0.0,0.0,0.098366,0.0,0.0,0.0,0.0
32.900625,0.0,0.0,0.098366,0.0,0.0,0.0,0.0
32.950625,0.0,0.0,0.098366,0.0,0.0,0.0,0.0
33.000625,0.0,0.0,0.098366,0.0,0.0,0.0,0.0
33.050625,0.0,0.0,0.098366,0.0,0.0,0.0,0.0
33.100625,0.0,0.0,0.098366,0.0,0.0,0.0,0.0
33.150625,0.0,0.0,0.098366,0.0,0.0,0.0,0.0
33.200625,0.0,0.0,0.098366,0.0,0.0,0.0,0.0
33.250625,0.0,0.0,0.098366,0.0,0.0,0.0,0.0
33.300625,0.0,0.0,0.098366,0.0,0.0,0.0,0.0
33.350625,0.0,0.0,0.098366,0.0,0.0,0.0,0.0
33.400625,0.0,0.0,0.098366,0.0,0.0,0.0,0.0
33.450625,0.0,0.0,0.098366,0.0,0.0,0.0,0.0
33.500625,0.0,0.0,0.098366,0.0,0.0,0.0,0.0
33.550625,0.0,0.0,0.098366,0.0,0.0,0.0,0.0
33.600625,0.0,0.0,0.098366,0.0,0.0,0.0,0.0
33.650625,0.0,0.0,0.098366,0.0,0.0,0.0,0.0
33.700625,0.0,0.0,0.098366,0.0,0.0,0.0,0.0
33.750625,0.0,0.0,0.098366,0.0,0.0,0.0,0.0
33.800625,0.0,0.0,0.098366,0.0,0.0,0.0,0.0
33.850625,0.0,0.0,0.098366,0.0,0.0,0.0,0.0
33.900625,0.0,0.0,0.098366,0.0,0.0,0.0,0.0
33.950625,0.0,0.0,0.098366,0.0,0.0,0.0,0.0
34.000625,0.0,0.0,0.098366,0.0,0.0,0.0,0.0
34.050625,0.0,0.0,0.098366,0.0,0.0,0.0,0.0
34.100625,0.0,0.0,0.098366,0.0,0.0,0.0,0.0
34.150625,0.0,0.0,0.098366,0.0,0.0,0.0,0.0
34.200625,0.0,0.0,0.098366,0.0,0.0,0.0,0.0
34.250625,0.0,0.0,0.098366,0.0,0.0,0.0,0.0
34.300625,0.0,0.0,0.098366,0.0,0.0,0.0,0.0
34.350625,0.0,0.0,0.098366,0.0,0.0,0.0,0.0
34.400625,0.0,0.0,0.098366,0.0,0.0,0.0,0.0
34.450625,0.0,0.0,0.098366,0.0,0.0,0.0,0.0
34.500625,0.0,0.0,0.098366,0.0,0.0,0.0,0.0
34.550625,0.0,0.0,0.098366,0.0,0.0,0.0,0.0
34.600625,0.0,0.0,0.098366,0.0,0.0,0.0,0.0
34.650625,0.0,0.0,0.098366,0.0,0.0,0.0,0.0
34.700625,0.0,0.0,0.098366,0.0,0.0,0.0,0.0
34.750625,0.0,0.0,0.098366,0.0,0.0,0.0,0.0
34.800625,0.0,0.0,0.098366,0.0,0.0,0.0,0.0
34.850625,0.0,0.0,0.098366,0.0,0.0,0.0,0.0
34.900625,0.0,0.0,0.098366,0.0,0.0,0.0,0.0
34.950625,0.0,0.0,0.098366,0.0,0.0,0.0,0.0
35.000625,0.0,0.0,0.098366,0.0,0.0,0.0,0.0
35.050625,0.0,0.0,0.098366,0.0,0.0,0.0,0.0
35.100625,0.0,0.0,0.098366,0.0,0.0,0.0,0.0
35.150625,0.0,0.0,0.098366,0.0,0.0,0.0,0.0
35.200625,0.0,0.0,0.098366,0.0,0.0,0.0,0.0
35.250625,0.0,0.0,0.098366,0.0,0.0,0.0,0.0
35.300625,0.0,0.0,0.098366,0.0,0.0,0.0,0.0
35.350625,0.0,0.0,0.098366,0.0,0.0,0.0,0.0
35.400625,0.0,0.0,0.098366,0.0,0.0,0.0,0.0
35.450625,0.0,0.0,0.098366,0.0,0.0,0.0,0.0
35.500625,0.0,0.0,0.098366,0.0,0.0,0.0,0.0
35.550625,0.0,0.0,0.098366,0.0,0.0,0.0,0.0
35.600625,0.0,0.0,0.098366,0.0,0.0,0.0,0.0
35.650625,0.0,0.0,0.098366,0.0,0.0,0.0,0.0
35.700625,0.0,0.0,0.098366,0.0,0.0,0.0,0.0
35.750625,0.0,0.0,0.098366,0.0,0.0,0.0,0.0
35.800625,0.0,0.0,0.098366,0.0,0.0,0.0,0.0
35.850625,0.0,0.0,0.098366,0.0,0.0,0.0,0.0
35.900625,0.0,0.0,0.098366,0.0,0.0,0.0,0.0
35.950625,0.0,0.0,0.098366,0.0,0.0,0.0,0.0
36.000625,0.0,0.0,0.098366,0.0,0.0,0.0,0.0
36.050625,0.0,0.0,0.098366,0.0,0.0,0.0,0.0
36.100625,0.0,0.0,0.098366,0.0,0.0,0.0,0.0
36.150625,0.0,0.0,0.098366,0.0,0.0,0.0,0.0
36.200625,0.0,0.0,0.098366,0.0,0.0,0.0,0.0
36.250625,0.0,0.0,0.098366,0.0,0.0,0.0,0.0
36.300625,0.0,0.0,0.098366,0.0,0.0,0.0,0.0
36.350625,0.0,0.0,0.098366,0.0,0.0,0.0,0.0
36.400625,0.0,0.0,0.098366,0.0,0.0,0.0,0.0
36.450625,0.0,0.0,0.098366,0.0,0.0,0.0,0.0
36.500625,0.0,0.0,0.098366,0.0,0.0,0.0,0.0
36.550625,0.0,0.0,0.098366,0.0,0.0,0.0,0.0
36.600625,0.0,0.0,0.098366,0.0,0.0,0.0,0.0
36.650625,0.0,0.0,0.098366,0.0,0.0,0.0,0.0
36.700625,0.0,0.0,0.098366,0.0,0.0,0.0,0.0
36.750625,0.0,0.0,0.098366,0.0,0.0,0.0,0.0
36.800625,0.0,0.0,0.098366,0.0,0.0,0.0,0.0
36.850625,0.0,0.0,0.098366,0.0,0.0,0.0,0.0
36.900625,0.0,0.0,0.098366,0.0,0.0,0.0,0.0
36.950625,0.0,0.0,0.098366,0.0,0.0,0.0,0.0
37.000625,0.0,0.0,0.098366,0.0,0.0,0.0,0.0
37.050625,0.0,0.0,0.098366,0.0,0.0,0.0,0.0
37.100625,0.0,0.0,0.098366,0.0,0.0,0.0,0.0
37.150625,0.0,0.0,0.098366,0.0,0.0,0.0,0.0
37.200625,0.0,0.0,0.098366,0.0,0.0,0.0,0.0
37.250625,0.0,0.0,0.098366,0.0,0.0,0.0,0.0
37.300625,0.0,0.0,0.098366,0.0,0.0,0.0,0.0
37.350625,0.0,0.0,0.098366,0.0,0.0,0.0,0.0
37.400625,0.0,0.0,0.098366,0.0,0.0,0.0,0.0
37.450625,0.0,0.0,0.098366,0.0,0.0,0.0,0.0
37.500625,0.0,0.0,0.098366,0.0,0.0,0.0,0.0
37.550625,0.0,0.0,0.098366,0.0,0.0,0.0,0.0
37.600625,0.0,0.0,0.098366,0.0,0.0,0.0,0.0
37.650625,0.0,0.0,0.098366,0.0,0.0,0.0,0.0
37.700625,0.0,0.0,0.098366,0.0,0.0,0.0,0.0
37.750625,0.0,0.0,0.098366,0.0,0.0,0.0,0.0
37.800625,0.0,0.0,0.098366,0.0,0.0,0.0,0.0
37.850625,0.0,0.0,0.098366,0.0,0.0,0.0,0.0
37.900625,0.0,0.0,0.098366,0.0,0.0,0.0,0.0
37.950625,0.0,0.0,0.098366,0.0,0.0,0.0,0.0
38.000625,0.0,0.0,0.098366,0.0,0.0,0.0,0.0
38.050625,0.0,0.0,0.098366,0.0,0.0,0.0,0.0
38.100625,0.0,0.0,0.098366,0.0,0.0,0.0,0.0
38.150625,0.0,0.0,0.098366,0.0,0.0,0.0,0.0
38.200625,0.0,0.0,0.098366,0.0,0.0,0.0,0.0
38.250625,0.0,0.0,0.098366,0.0,0.0,0.0,0.0
38.300625,0.0,0.0,0.098366,0.0,0.0,0.0,0.0
38.350625,0.0,0.0,0.098366,0.0,0.0,0.0,0.0
38.400625,0.0,0.0,0.098366,0.0,0.0,0.0,0.0
38.450625,0.0,0.0,0.098366,0.0,0.0,0.0,0.0
38.500625,0.0,0.0,0.098366,0.0,0.0,0.0,0.0
38.550625,0.0,0.0,0.098366,0.0,0.0,0.0,0.0
38.600625,0.0,0.0,0.098366,0.0,0.0,0.0,0.0
38.650625,0.0,0.0,0.098366,0.0,0.0,0.0,0.0
38.700625,0.0,0.0,0.098366,0.0,0.0,0.0,0.0
38.750625,0.0,0.0,0.098366,0.0,0.0,0.0,0.0
38.800625,0.0,0.0,0.098366,0.0,0.0,0.0,0.0
38.850625,0.0,0.0,0.098366,0.0,0.0,0.0,0.0
38.900625,0.0,0.0,0.098366,0.0,0.0,0.0,0.0
38.950625,0.0,0.0,0.098366,0.0,0.0,0.0,0.0
39.000625,0.0,0.0,0.098366,0.0,0.0,0.0,0.0
39.050625,0.0,0.0,0.098366,0.0,0.0,0.0,0.0
39.100625,0.0,0.0,0.098366,0.0,0.0,0.0,0.0
39.150625,0.0,0.0,0.098366,0.0,0.0,0.0,0.0
39.200625,0.0,0.0,0.098366,0.0,0.0,0.0,0.0
39.250625,0.0,0.0,0.098366,0.0,0.0,0.0,0.0
39.300625,0.0,0.0,0.098366,0.0,0.0,0.0,0.0
39.350625,0.0,0.0,0.098366,0.0,0.0,0.0,0.0
39.400625,0.0,0.0,0.098366,0.0,0.0,0.0,0.0
39.450625,0.0,0.0,0.098366,0.0,0.0,0.0,0.0
39.500625,0.0,0.0,0.098366,0.0,0.0,0.0,0.0
39.550625,0.0,0.0,0.098366,0.0,0.0,0.0,0.0
39.600625,0.0,0.0,0.098366,0.0,0.0,0.0,0.0
39.650625,0.0,0.0,0.098366,0.0,0.0,0.0,0.0
39.700625,0.0,0.0,0.098366,0.0,0.0,0.0,0.0
39.750625,0.0,0.0,0.098366,0.0,0.0,0.0,0.0
39.800625,0.0,0.0,0.098366,0.0,0.0,0.0,0.0
39.850625,0.0,0.0,0.098366,0.0,0.0,0.0,0.0
39.900625,0.0,0.0,0.098366,0.0,0.0,0.0,0.0
39.950625,0.0,0.0,0.098366,0.0,0.0,0.0,0.0
40.000625,0.0,0.0,0.098366,0.0,0.0,0.0,0.0
40.050625,0.0,0.0,0.098366,0.0,0.0,0.0,0.0
40.100625,0.0,0.0,0.098366,0.0,0.0,0.0,0.0
40.150625,0.0,0.0,0.098366,0.0,0.0,0.0,0.0
40.200625,0.0,0.0,0.098366,0.0,0.0,0.0,0.0
40.250625,0.0,0.0,0.098366,0.0,0.0,0.0,0.0
40.300625,0.0,0.0,0.098366,0.0,0.0,0.0,0.0
40.350625,0.0,0.0,0.098366,0.0,0.0,0.0,0.0
40.400625,0.0,0.0,0.098366,0.0,0.0,0.0,0.0
40.450625,0.0,0.0,0.098366,0.0,0.0,0.0,0.0
40.500625,0.0,0.0,0.098366,0.0,0.0,0.0,0.0
40.550625,0.0,0.0,0.098366,0.0,0.0,0.0,0.0
40.600625,0.0,0.0,0.098366,0.0,0.0,0.0,0.0
40.650625,0.0,0.0,0.098366,0.0,0.0,0.0,0.0
40.700625,0.0,0.0,0.098366,0.0,0.0,0.0,0.0
40.750625,0.0,0.0,0.098366,0.0,0.0,0.0,0.0
40.800625,0.0,0.0,0.098366,0.0,0.0,0.0,0.0
40.850625,0.0,0.0,0.098366,0.0,0.0,0.0,0.0
40.900625,0.0,0.0,0.098366,0.0,0.0,0.0,0.0
40.950625,0.0,0.0,0.098366,0.0,0.0,0.0,0.0
41.000625,0.0,0.0,0.098366,0.0,0.0,0.0,0.0
41.050625,0.0,0.0,0.098366,0.0,0.0,0.0,0.0
41.100625,0.0,0.0,0.098366,0.0,0.0,0.0,0.0
41.150625,0.0,0.0,0.098366,0.0,0.0,0.0,0.0
41.200625,0.0,0.0,0.098366,0.0,0.0,0.0,0.0
41.250625,0.0,0.0,0.098366,0.0,0.0,0.0,0.0
41.300625,0.0,0.0,0.098366,0.0,0.0,0.0,0.0
41.350625,0.0,0.0,0.098366,0.0,0.0,0.0,0.0
41.400625,0.0,0.0,0.098366,0.0,0.0,0.0,0.0
41.450625,0.0,0.0,0.098366,0.0,0.0,0.0,0.0
41.500625,0.0,0.0,0.098366,0.0,0.0,0.0,0.0
41.550625,0.0,0.0,0.098366,0.0,0.0,0.0,0.0
41.600625,0.0,0.0,0.098366,0.0,0.0,0.0,0.0
41.650625,0.0,0.0,0.098366,0.0,0.0,0.0,0.0
41.700625,0.0,0.0,0.098366,0.0,0.0,0.0,0.0
41.750625,0.0,0.0,0.098366,0.0,0.0,0.0,0.0
41.800625,0.0,0.0,0.098366,0.0,0.0,0.0,0.0
41.850625,0.0,0.0,0.098366,0.0,0.0,0.0,0.0
41.900625,0.0,0.0,0.098366,0.0,0.0,0.0,0.0
41.950625,0.0,0.0,0.098366,0.0,0.0,0.0,0.0
42.000625,0.0,0.0,0.098366,0.0,0.0,0.0,0.0
42.050625,0.0,0.0,0.098366,0.0,0.0,0.0,0.0
42.100625,0.0,0.0,0.098366,0.0,0.0,0.0,0.0
42.150625,0.0,0.0,0.098366,0.0,0.0,0.0,0.0
42.200625,0.0,0.0,0.098366,0.0,0.0,0.0,0.0
42.250625,0.0,0.0,0.098366,0.0,0.0,0.0,0.0
42.300625,0.0,0.0,0.098366,0.0,0.0,0.0,0.0
42.350625,0.0,0.0,0.098366,0.0,0.0,0.0,0.0
42.400625,0.0,0.0,0.098366,0.0,0.0,0.0,0.0
42.450625,0.0,0.0,0.098366,0.0,0.0,0.0,0.0
42.500625,0.0,0.0,0.098366,0.0,0.0,0.0,0.0
42.550625,0.0,0.0,0.098366,0.0,0.0,0.0,0.0
42.600625,0.0,0.0,0.098366,0.0,0.0,0.0,0.0
42.650625,0.0,0.0,0.098366,0.0,0.0,0.0,0.0
42.700625,0.0,0.0,0.098366,0.0,0.0,0.0,0.0
42.750625,0.0,0.0,0.098366,0.0,0.0,0.0,0.0
42.800625,0.0,0.0,0.098366,0.0,0.0,0.0,0.0
42.850625,0.0,0.0,0.098366,0.0,0.0,0.0,0.0
42.900625,0.0,0.0,0.098366,0.0,0.0,0.0,0.0
42.950625,0.0,0.0,0.098366,0.0,0.0,0.0,0.0
43.000625,0.0,0.0,0.098366,0.0,0.0,0.0,0.0
43.050625,0.0,0.0,0.098366,0.0,0.0,0.0,0.0
43.100625,0.0,0.0,0.098366,0.0,0.0,0.0,0.0
43.150625,0.0,0.0,0.098366,0.0,0.0,0.0,0.0
43.200625,0.0,0.0,0.098366,0.0,0.0,0.0,0.0
43.250625,0.0,0.0,0.098366,0.0,0.0,0.0,0.0
43.300625,0.0,0.0,0.098366,0.0,0.0,0.0,0.0
43.350625,0.0,0.0,0.098366,0.0,0.0,0.0,0.0
43.400625,0.0,0.0,0.098366,0.0,0.0,0.0,0.0
43.450625,0.0,0.0,0.098366,0.0,0.0,0.0,0.0
43.500625,0.0,0.0,0.098366,0.0,0.0,0.0,0.0
43.550625,0.0,0.0,0.098366,0.0,0.0,0.0,0.0
43.600625,0.0,0.0,0.098366,0.0,0.0,0.0,0.0
43.650625,0.0,0.0,0.098366,0.0,0.0,0.0,0.0
43.700625,0.0,0.0,0.098366,0.0,0.0,0.0,0.0
43.750625,0.0,0.0,0.098366,0.0,0.0,0.0,0.0
43.800625,0.0,0.0,0.098366,0.0,0.0,0.0,0.0
43.850625,0.0,0.0,0.098366,0.0,0.0,0.0,0.0
43.900625,0.0,0.0,0.098366,0.0,0.0,0.0,0.0
43.950625,0.0,0.0,0.098366,0.0,0.0,0.0,0.0
44.000625,0.0,0.0,0.098366,0.0,0.0,0.0,0.0
44.050625,0.0,0.0,0.098366,0.0,0.0,0.0,0.0
44.100625,0.0,0.0,0.098366,0.0,0.0,0.0,0.0
44.150625,0.0,0.0,0.098366,0.0,0.0,0.0,0.0
44.200625,0.0,0.0,0.098366,0.0,0.0,0.0,0.0
44.250625,0.0,0.0,0.098366,0.0,0.0,0.0,0.0
44.300625,0.0,0.0,0.098366,0.0,0.0,0.0,0.0
44.350625,0.0,0.0,0.098366,0.0,0.0,0.0,0.0
44.400625,0.0,0.0,0.098366,0.0,0.0,0.0,0.0
44.450625,0.0,0.0,0.098366,0.0,0.0,0.0,0.0
44.500625,0.0,0.0,0.098366,0.0,0.0,0.0,0.0
44.550625,0.0,0.0,0.098366,0.0,0.0,0.0,0.0
44.600625,0.0,0.0,0.098366,0.0,0.0,0.0,0.0
44.650625,0.0,0.0,0.098366,0.0,0.0,0.0,0.0
44.700625,0.0,0.0,0.098366,0.0,0.0,0.0,0.0
44.750625,0.0,0.0,0.098366,0.0,0.0,0.0,0.0
44.800625,0.0,0.0,0.098366,0.0,0.0,0.0,0.0
44.850625,0.0,0.0,0.098366,0.0,0.0,0.0,0.0
44.900625,0.0,0.0,0.098366,0.0,0.0,0.0,0.0
44.950625,0.0,0.0,0.098366,0.0,0.0,0.0,0.0
45.000625,0.0,0.0,0.098366,0.0,0.0,0.0,0.0
45.050625,0.0,0.0,0.098366,0.0,0.0,0.0,0.0
45.100625,0.0,0.0,0.098366,0.0,0.0,0.0,0.0
45.150625,0.0,0.0,0.098366,0.0,0.0,0.0,0.0
45.200625,0.0,0.0,0.098366,0.0,0.0,0.0,0.0
45.250625,0.0,0.0,0.098366,0.0,0.0,0.0,0.0
45.300625,0.0,0.0,0.098366,0.0,0.0,0.0,0.0
45.350625,0.0,0.0,0.098366,0.0,0.0,0.0,0.0
45.400625,0.0,0.0,0.098366,0.0,0.0,0.0,0.0
45.450625,0.0,0.0,0.098366,0.0,0.0,0.0,0.0
45.500625,0.0,0.0,0.098366,0.0,0.0,0.0,0.0
45.550625,0.0,0.0,0.098366,0.0,0.0,0.0,0.0
45.600625,0.0,0.0,0.098366,0.0,0.0,0.0,0.0
45.650625,0.0,0.0,0.098366,0.0,0.0,0.0,0.0
45.700625,0.0,0.0,0.098366,0.0,0.0,0.0,0.0
45.750625,0.0,0.0,0.098366,0.0,0.0,0.0,0.0
45.800625,0.0,0.0,0.098366,0.0,0.0,0.0,0.0
45.850625,0.0,0.0,0.098366,0.0,0.0,0.0,0.0
45.900625,0.0,0.0,0.098366,0.0,0.0,0.0,0.0
45.950625,0.0,0.0,0.098366,0.0,0.0,0.0,0.0
46.000625,0.0,0.0,0.098366,0.0,0.0,0.0,0.0
46.050625,0.0,0.0,0.098366,0.0,0.0,0.0,0.0
46.100625,0.0,0.0,0.098366,0.0,0.0,0.0,0.0
46.150625,0.0,0.0,0.098366,0.0,0.0,0.0,0.0
46.200625,0.0,0.0,0.098366,0.0,0.0,0.0,0.0
46.250625,0.0,0.0,0.098366,0.0,0.0,0.0,0.0
46.300625,0.0,0.0,0.098366,0.0,0.0,0.0,0.0
46.350625,0.0,0.0,0.098366,0.0,0.0,0.0,0.0
46.400625,0.0,0.0,0.098366,0.0,0.0,0.0,0.0
46.450625,0.0,0.0,0.098366,0.0,0.0,0.0,0.0
46.500625,0.0,0.0,0.098366,0.0,0.0,0.0,0.0
46.550625,0.0,0.0,0.098366,0.0,0.0,0.0,0.0
46.600625,0.0,0.0,0.098366,0.0,0.0,0.0,0.0
46.650625,0.0,0.0,0.098366,0.0,0.0,0.0,0.0
46.700625,0.0,0.0,0.098366,0.0,0.0,0.0,0.0
46.750625,0.0,0.0,0.098366,0.0,0.0,0.0,0.0
46.800625,0.0,0.0,0.098366,0.0,0.0,0.0,0.0
46.850625,0.0,0.0,0.098366,0.0,0.0,0.0,0.0
46.900625,0.0,0.0,0.098366,0.0,0.0,0.0,0.0
46.950625,0.0,0.0,0.098366,0.0,0.0,0.0,0.0
47.000625,0.0,0.0,0.098366,0.0,0.0,0.0,0.0
47.050625,0.0,0.0,0.098366,0.0,0.0,0.0,0.0
47.100625,0.0,0.0,0.098366,0.0,0.0,0.0,0.0
47.150625,0.0,0.0,0.098366,0.0,0.0,0.0,0.0
47.200625,0.0,0.0,0.098366,0.0,0.0,0.0,0.0
47.250625,0.0,0.0,0.098366,0.0,0.0,0.0,0.0
47.300625,0.0,0.0,0.098366,0.0,0.0,0.0,0.0
47.350625,0.0,0.0,0.098366,0.0,0.0,0.0,0.0
47.400625,0.0,0.0,0.098366,0.0,0.0,0.0,0.0
47.450625,0.0,0.0,0.098366,0.0,0.0,0.0,0.0
47.500625,0.0,0.0,0.098366,0.0,0.0,0.0,0.0
47.550625,0.0,0.0,0.098366,0.0,0.0,0.0,0.0
47.600625,0.0,0.0,0.098366,0.0,0.0,0.0,0.0
47.650625,0.0,0.0,0.098366,0.0,0.0,0.0,0.0
47.700625,0.0,0.0,0.098366,0.0,0.0,0.0,0.0
47.750625,0.0,0.0,0.098366,0.0,0.0,0.0,0.0
47.800625,0.0,0.0,0.098366,0.0,0.0,0.0,0.0
47.850625,0.0,0.0,0.098366,0.0,0.0,0.0,0.0
47.900625,0.0,0.0,0.098366,0.0,0.0,0.0,0.0
47.950625,0.0,0.0,0.098366,0.0,0.0,0.0,0.0
48.000625,0.0,0.0,0.098366,0.0,0.0,0.0,0.0
48.050625,0.0,0.0,0.098366,0.0,0.0,0.0,0.0
48.100625,0.0,0.0,0.098366,0.0,0.0,0.0,0.0
48.150625,0.0,0.0,0.098366,0.0,0.0,0.0,0.0
48.200625,0.0,0.0,0.098366,0.0,0.0,0.0,0.0
48.250625,0.0,0.0,0.098366,0.0,0.0,0.0,0.0
48.300625,0.0,0.0,0.098366,0.0,0.0,0.0,0.0
48.350625,0.0,0.0,0.098366,0.0,0.0,0.0,0.0
48.400625,0.0,0.0,0.098366,0.0,0.0,0.0,0.0
48.450625,0.0,0.0,0.098366,0.0,0.0,0.0,0.0
48.500625,0.0,0.0,0.098366,0.0,0.0,0.0,0.0
48.550625,0.0,0.0,0.098366,0.0,0.0,0.0,0.0
48.600625,0.0,0.0,0.098366,0.0,0.0,0.0,0.0
48.650625,0.0,0.0,0.098366,0.0,0.0,0.0,0.0
48.700625,0.0,0.0,0.098366,0.0,0.0,0.0,0.0
48.750625,0.0,0.0,0.098366,0.0,0.0,0.0,0.0
48.800625,0.0,0.0,0.098366,0.0,0.0,0.0,0.0
48.850625,0.0,0.0,0.098366,0.0,0.0,0.0,0.0
48.900625,0.0,0.0,0.098366,0.0,0.0,0.0,0.0
48.950625,0.0,0.0,0.098366,0.0,0.0,0.0,0.0
49.000625,0.0,0.0,0.098366,0.0,0.0,0.0,0.0
49.050625,0.0,0.0,0.098366,0.0,0.0,0.0,0.0
49.100625,0.0,0.0,0.098366,0.0,0.0,0.0,0.0
49.150625,0.0,0.0,0.098366,0.0,0.0,0.0,0.0
49.200625,0.0,0.0,0.098366,0.0,0.0,0.0,0.0
49.250625,0.0,0.0,0.098366,0.0,0.0,0.0,0.0
49.300625,0.0,0.0,0.098366,0.0,0.0,0.0,0.0
49.350625,0.0,0.0,0.098366,0.0,0.0,0.0,0.0
49.400625,0.0,0.0,0.098366,0.0,0.0,0.0,0.0
49.450625,0.0,0.0,0.098366,0.0,0.0,0.0,0.0
49.500625,0.0,0.0,0.098366,0.0,0.0,0.0,0.0
49.550625,0.0,0.0,0.098366,0.0,0.0,0.0,0.0
49.600625,0.0,0.0,0.098366,0.0,0.0,0.0,0.0
49.650625,0.0,0.0,0.098366,0.0,0.0,0.0,0.0
49.700625,0.0,0.0,0.098366,0.0,0.0,0.0,0.0
49.750625,0.0,0.0,0.098366,0.0,0.0,0.0,0.0
49.800625,0.0,0.0,0.098366,0.0,0.0,0.0,0.0
49.850625,0.0,0.0,0.098366,0.0,0.0,0.0,0.0
49.900625,0.0,0.0,0.098366,0.0,0.0,0.0,0.0
49.950625,0.0,0.0,0.098366,0.0,0.0,0.0,0.0
50.000625,0.0,0.0,0.098366,0.0,0.0,0.0,0.0
50.050625,0.0,0.0,0.098366,0.0,0.0,0.0,0.0
50.100625,0.0,0.0,0.098366,0.0,0.0,0.0,0.0
50.150625,0.0,0.0,0.098366,0.0,0.0,0.0,0.0
50.200625,0.0,0.0,0.098366,0.0,0.0,0.0,0.0
50.250625,0.0,0.0,0.098366,0.0,0.0,0.0,0.0
50.300625,0.0,0.0,0.098366,0.0,0.0,0.0,0.0
50.350625,0.0,0.0,0.098366,0.0,0.0,0.0,0.0
50.400625,0.0,0.0,0.098366,0.0,0.0,0.0,0.0
50.450625,0.0,0.0,0.098366,0.0,0.0,0.0,0.0
50.500625,0.0,0.0,0.098366,0.0,0.0,0.0,0.0
50.550625,0.0,0.0,0.098366,0.0,0.0,0.0,0.0
50.600625,0.0,0.0,0.098366,0.0,0.0,0.0,0.0
50.650625,0.0,0.0,0.098366,0.0,0.0,0.0,0.0
50.700625,0.0,0.0,0.098366,0.0,0.0,0.0,0.0
50.750625,0.0,0.0,0.098366,0.0,0.0,0.0,0.0
50.800625,0.0,0.0,0.098366,0.0,0.0,0.0,0.0
50.850625,0.0,0.0,0.098366,0.0,0.0,0.0,0.0
50.900625,0.0,0.0,0.098366,0.0,0.0,0.0,0.0
50.950625,0.0,0.0,0.098366,0.0,0.0,0.0,0.0
51.000625,0.0,0.0,0.098366,0.0,0.0,0.0,0.0
51.050625,0.0,0.0,0.098366,0.0,0.0,0.0,0.0
51.100625,0.0,0.0,0.098366,0.0,0.0,0.0,0.0
51.150625,0.0,0.0,0.098366,0.0,0.0,0.0,0.0
51.200625,0.0,0.0,0.098366,0.0,0.0,0.0,0.0
51.250625,0.0,0.0,0.098366,0.0,0.0,0.0,0.0
51.300625,0.0,0.0,0.098366,0.0,0.0,0.0,0.0
51.350625,0.0,0.0,0.098366,0.0,0.0,0.0,0.0
51.400625,0.0,0.0,0.098366,0.0,0.0,0.0,0.0
51.450625,0.0,0.0,0.098366,0.0,0.0,0.0,0.0
51.500625,0.0,0.0,0.098366,0.0,0.0,0.0,0.0
51.550625,0.0,0.0,0.098366,0.0,0.0,0.0,0.0
51.600625,0.0,0.0,0.098366,0.0,0.0,0.0,0.0
51.650625,0.0,0.0,0.098366,0.0,0.0,0.0,0.0
51.700625,0.0,0.0,0.098366,0.0,0.0,0.0,0.0
51.750625,0.0,0.0,0.098366,0.0,0.0,0.0,0.0
51.800625,0.0,0.0,0.098366,0.0,0.0,0.0,0.0
51.850625,0.0,0.0,0.098366,0.0,0.0,0.0,0.0
51.900625,0.0,0.0,0.098366,0.0,0.0,0.0,0.0
51.950625,0.0,0.0,0.098366,0.0,0.0,0.0,0.0
52.000625,0.0,0.0,0.098366,0.0,0.0,0.0,0.0
52.050625,0.0,0.0,0.098366,0.0,0.0,0.0,0.0
52.100625,0.0,0.0,0.098366,0.0,0.0,0.0,0.0
52.150625,0.0,0.0,0.098366,0.0,0.0,0.0,0.0
52.200625,0.0,0.0,0.098366,0.0,0.0,0.0,0.0
52.250625,0.0,0.0,0.098366,0.0,0.0,0.0,0.0
52.300625,0.0,0.0,0.098366,0.0,0.0,0.0,0.0
52.350625,0.0,0.0,0.098366,0.0,0.0,0.0,0.0
52.400625,0.0,0.0,0.098366,0.0,0.0,0.0,0.0
52.450625,0.0,0.0,0.098366,0.0,0.0,0.0,0.0
52.500625,0.0,0.0,0.098366,0.0,0.0,0.0,0.0
52.550625,0.0,0.0,0.098366,0.0,0.0,0.0,0.0
52.600625,0.0,0.0,0.098366,0.0,0.0,0.0,0.0
52.650625,0.0,0.0,0.098366,0.0,0.0,0.0,0.0
52.700625,0.0,0.0,0.098366,0.0,0.0,0.0,0.0
52.750625,0.0,0.0,0.098366,0.0,0.0,0.0,0.0
52.800625,0.0,0.0,0.098366,0.0,0.0,0.0,0.0
52.850625,0.0,0.0,0.098366,0.0,0.0,0.0,0.0
52.900625,0.0,0.0,0.098366,0.0,0.0,0.0,0.0
52.950625,0.0,0.0,0.098366,0.0,0.0,0.0,0.0
53.000625,0.0,0.0,0.098366,0.0,0.0,0.0,0.0
53.050625,0.0,0.0,0.098366,0.0,0.0,0.0,0.0
53.100625,0.0,0.0,0.098366,0.0,0.0,0.0,0.0
53.150625,0.0,0.0,0.098366,0.0,0.0,0.0,0.0
53.200625,0.0,0.0,0.098366,0.0,0.0,0.0,0.0
53.250625,0.0,0.0,0.098366,0.0,0.0,0.0,0.0
53.300625,0.0,0.0,0.098366,0.0,0.0,0.0,0.0
53.350625,0.0,0.0,0.098366,0.0,0.0,0.0,0.0
53.400625,0.0,0.0,0.098366,0.0,0.0,0.0,0.0
53.450625,0.0,0.0,0.098366,0.0,0.0,0.0,0.0
53.500625,0.0,0.0,0.098366,0.0,0.0,0.0,0.0
53.550625,0.0,0.0,0.098366,0.0,0.0,0.0,0.0
53.600625,0.0,0.0,0.098366,0.0,0.0,0.0,0.0
53.650625,0.0,0.0,0.098366,0.0,0.0,0.0,0.0
53.700625,0.0,0.0,0.098366,0.0,0.0,0.0,0.0
53.750625,0.0,0.0,0.098366,0.0,0.0,0.0,0.0
53.800625,0.0,0.0,0.098366,0.0,0.0,0.0,0.0
53.850625,0.0,0.0,0.098366,0.0,0.0,0.0,0.0
53.900625,0.0,0.0,0.098366,0.0,0.0,0.0,0.0
53.950625,0.0,0.0,0.098366,0.0,0.0,0.0,0.0
54.000625,0.0,0.0,0.098366,0.0,0.0,0.0,0.0
54.050625,0.0,0.0,0.098366,0.0,0.0,0.0,0.0
54.100625,0.0,0.0,0.098366,0.0,0.0,0.0,0.0
54.150625,0.0,0.0,0.098366,0.0,0.0,0.0,0.0
54.200625,0.0,0.0,0.098366,0.0,0.0,0.0,0.0
54.250625,0.0,0.0,0.098366,0.0,0.0,0.0,0.0
54.300625,0.0,0.0,0.098366,0.0,0.0,0.0,0.0
54.350625,0.0,0.0,0.098366,0.0,0.0,0.0,0.0
54.400625,0.0,0.0,0.098366,0.0,0.0,0.0,0.0
54.450625,0.0,0.0,0.098366,0.0,0.0,0.0,0.0
54.500625,0.0,0.0,0.098366,0.0,0.0,0.0,0.0
54.550625,0.0,0.0,0.098366,0.0,0.0,0.0,0.0
54.600625,0.0,0.0,0.098366,0.0,0.0,0.0,0.0
54.650625,0.0,0.0,0.098366,0.0,0.0,0.0,0.0
54.700625,0.0,0.0,0.098366,0.0,0.0,0.0,0.0
54.750625,0.0,0.0,0.098366,0.0,0.0,0.0,0.0
54.800625,0.0,0.0,0.098366,0.0,0.0,0.0,0.0
54.850625,0.0,0.0,0.098366,0.0,0.0,0.0,0.0
54.900625,0.0,0.0,0.098366,0.0,0.0,0.0,0.0
54.950625,0.0,0.0,0.098366,0.0,0.0,0.0,0.0
55.000625,0.0,0.0,0.098366,0.0,0.0,0.0,0.0
55.050625,0.0,0.0,0.098366,0.0,0.0,0.0,0.0
55.100625,0.0,0.0,0.098366,0.0,0.0,0.0,0.0
55.150625,0.0,0.0,0.098366,0.0,0.0,0.0,0.0
55.200625,0.0,0.0,0.098366,0.0,0.0,0.0,0.0
55.250625,0.0,0.0,0.098366,0.0,0.0,0.0,0.0
55.300625,0.0,0.0,0.098366,0.0,0.0,0.0,0.0
55.350625,0.0,0.0,0.098366,0.0,0.0,0.0,0.0
55.400625,0.0,0.0,0.098366,0.0,0.0,0.0,0.0
55.450625,0.0,0.0,0.098366,0.0,0.0,0.0,0.0
55.500625,0.0,0.0,0.098366,0.0,0.0,0.0,0.0
55.550625,0.0,0.0,0.098366,0.0,0.0,0.0,0.0
55.600625,0.0,0.0,0.098366,0.0,0.0,0.0,0.0
55.650625,0.0,0.0,0.098366,0.0,0.0,0.0,0.0
55.700625,0.0,0.0,0.098366,0.0,0.0,0.0,0.0
55.750625,0.0,0.0,0.098366,0.0,0.0,0.0,0.0
55.800625,0.0,0.0,0.098366,0.0,0.0,0.0,0.0
55.850625,0.0,0.0,0.098366,0.0,0.0,0.0,0.0
55.900625,0.0,0.0,0.098366,0.0,0.0,0.0,0.0
55.950625,0.0,0.0,0.098366,0.0,0.0,0.0,0.0
56.000625,0.0,0.0,0.098366,0.0,0.0,0.0,0.0
56.050625,0.0,0.0,0.098366,0.0,0.0,0.0,0.0
56.100625,0.0,0.0,0.098366,0.0,0.0,0.0,0.0
56.150625,0.0,0.0,0.098366,0.0,0.0,0.0,0.0
56.200625,0.0,0.0,0.098366,0.0,0.0,0.0,0.0
56.250625,0.0,0.0,0.098366,0.0,0.0,0.0,0.0
56.300625,0.0,0.0,0.098366,0.0,0.0,0.0,0.0
56.350625,0.0,0.0,0.098366,0.0,0.0,0.0,0.0
56.400625,0.0,0.0,0.098366,0.0,0.0,0.0,0.0
56.450625,0.0,0.0,0.098366,0.0,0.0,0.0,0.0
56.500625,0.0,0.0,0.098366,0.0,0.0,0.0,0.0
56.550625,0.0,0.0,0.098366,0.0,0.0,0.0,0.0
56.600625,0.0,0.0,0.098366,0.0,0.0,0.0,0.0
56.650625,0.0,0.0,0.098366,0.0,0.0,0.0,0.0
56.700625,0.0,0.0,0.098366,0.0,0.0,0.0,0.0
56.750625,0.0,0.0,0.098366,0.0,0.0,0.0,0.0
56.800625,0.0,0.0,0.098366,0.0,0.0,0.0,0.0
56.850625,0.0,0.0,0.098366,0.0,0.0,0.0,0.0
56.900625,0.0,0.0,0.098366,0.0,0.0,0.0,0.0
56.950625,0.0,0.0,0.098366,0.0,0.0,0.0,0.0
57.000625,0.0,0.0,0.098366,0.0,0.0,0.0,0.0
57.050625,0.0,0.0,0.098366,0.0,0.0,0.0,0.0
57.100625,0.0,0.0,0.098366,0.0,0.0,0.0,0.0
57.150625,0.0,0.0,0.098366,0.0,0.0,0.0,0.0
57.200625,0.0,0.0,0.098366,0.0,0.0,0.0,0.0
57.250625,0.0,0.0,0.098366,0.0,0.0,0.0,0.0
57.300625,0.0,0.0,0.098366,0.0,0.0,0.0,0.0
57.350625,0.0,0.0,0.098366,0.0,0.0,0.0,0.0
57.400625,0.0,0.0,0.098366,0.0,0.0,0.0,0.0
57.450625,0.0,0.0,0.098366,0.0,0.0,0.0,0.0
57.500625,0.0,0.0,0.098366,0.0,0.0,0.0,0.0
57.550625,0.0,0.0,0.098366,0.0,0.0,0.0,0.0
57.600625,0.0,0.0,0.098366,0.0,0.0,0.0,0.0
57.650625,0.0,0.0,0.098366,0.0,0.0,0.0,0.0
57.700625,0.0,0.0,0.098366,0.0,0.0,0.0,0.0
57.750625,0.0,0.0,0.098366,0.0,0.0,0.0,0.0
57.800625,0.0,0.0,0.098366,0.0,0.0,0.0,0.0
57.850625,0.0,0.0,0.098366,0.0,0.0,0.0,0.0
57.900625,0.0,0.0,0.098366,0.0,0.0,0.0,0.0
57.950625,0.0,0.0,0.098366,0.0,0.0,0.0,0.0
58.000625,0.0,0.0,0.098366,0.0,0.0,0.0,0.0
58.050625,0.0,0.0,0.098366,0.0,0.0,0.0,0.0
58.100625,0.0,0.0,0.098366,0.0,0.0,0.0,0.0
58.150625,0.0,0.0,0.098366,0.0,0.0,0.0,0.0
58.200625,0.0,0.0,0.098366,0.0,0.0,0.0,0.0
58.250625,0.0,0.0,0.098366,0.0,0.0,0.0,0.0
58.300625,0.0,0.0,0.098366,0.0,0.0,0.0,0.0
58.350625,0.0,0.0,0.098366,0.0,0.0,0.0,0.0
58.400625,0.0,0.0,0.098366,0.0,0.0,0.0,0.0
58.450625,0.0,0.0,0.098366,0.0,0.0,0.0,0.0
58.500625,0.0,0.0,0.098366,0.0,0.0,0.0,0.0
58.550625,0.0,0.0,0.098366,0.0,0.0,0.0,0.0
58.600625,0.0,0.0,0.098366,0.0,0.0,0.0,0.0
58.650625,0.0,0.0,0.098366,0.0,0.0,0.0,0.0
58.700625,0.0,0.0,0.098366,0.0,0.0,0.0,0.0
58.750625,0.0,0.0,0.098366,0.0,0.0,0.0,0.0
58.800625,0.0,0.0,0.098366,0.0,0.0,0.0,0.0
58.850625,0.0,0.0,0.098366,0.0,0.0,0.0,0.0
58.900625,0.0,0.0,0.098366,0.0,0.0,0.0,0.0
58.950625,0.0,0.0,0.098366,0.0,0.0,0.0,0.0
59.000625,0.0,0.0,0.098366,0.0,0.0,0.0,0.0
59.050625,0.0,0.0,0.098366,0.0,0.0,0.0,0.0
59.100625,0.0,0.0,0.098366,0.0,0.0,0.0,0.0
59.150625,0.0,0.0,0.098366,0.0,0.0,0.0,0.0
59.200625,0.0,0.0,0.098366,0.0,0.0,0.0,0.0
59.250625,0.0,0.0,0.098366,0.0,0.0,0.0,0.0
59.300625,0.0,0.0,0.098366,0.0,0.0,0.0,0.0
59.350625,0.0,0.0,0.098366,0.0,0.0,0.0,0.0
59.400625,0.0,0.0,0.098366,0.0,0.0,0.0,0.0
59.450625,0.0,0.0,0.098366,0.0,0.0,0.0,0.0
59.500625,0.0,0.0,0.098366,0.0,0.0,0.0,0.0
59.550625,0.0,0.0,0.098366,0.0,0.0,0.0,0.0
59.600625,0.0,0.0,0.098366,0.0,0.0,0.0,0.0
59.650625,0.0,0.0,0.098366,0.0,0.0,0.0,0.0
59.700625,0.0,0.0,0.098366,0.0,0.0,0.0,0.0
59.750625,0.0,0.0,0.098366,0.0,0.0,0.0,0.0
59.800625,0.0,0.0,0.098366,0.0,0.0,0.0,0.0
59.850625,0.0,0.0,0.098366,0.0,0.0,0.0,0.0
59.900625,0.0,0.0,0.098366,0.0,0.0,0.0,0.0
59.950625,0.0,0.0,0.098366,0.0,0.0,0.0,0.0
60.000625,0.0,0.0,0.098366,0.0,0.0,0.0,0.0
60.050625,0.0,0.0,0.098366,0.0,0.0,0.0,0.0
60.100625,0.0,0.0,0.098366,0.0,0.0,0.0,0.0
60.150625,0.0,0.0,0.098366,0.0,0.0,0.0,0.0
60.200625,0.0,0.0,0.098366,0.0,0.0,0.0,0.0
60.250625,0.0,0.0,0.098366,0.0,0.0,0.0,0.0
60.300625,0.0,0.0,0.098366,0.0,0.0,0.0,0.0
60.350625,0.0,0.0,0.098366,0.0,0.0,0.0,0.0
60.400625,0.0,0.0,0.098366,0.0,0.0,0.0,0.0
60.450625,0.0,0.0,0.098366,0.0,0.0,0.0,0.0
60.500625,0.0,0.0,0.098366,0.0,0.0,0.0,0.0
60.550625,0.0,0.0,0.098366,0.0,0.0,0.0,0.0
60.600625,0.0,0.0,0.098366,0.0,0.0,0.0,0.0
60.650625,0.0,0.0,0.098366,0.0,0.0,0.0,0.0
60.700625,0.0,0.0,0.098366,0.0,0.0,0.0,0.0
60.750625,0.0,0.0,0.098366,0.0,0.0,0.0,0.0
60.800625,0.0,0.0,0.098366,0.0,0.0,0.0,0.0
60.850625,0.0,0.0,0.098366,0.0,0.0,0.0,0.0
60.900625,0.0,0.0,0.098366,0.0,0.0,0.0,0.0
60.950625,0.0,0.0,0.098366,0.0,0.0,0.0,0.0
61.000625,0.0,0.0,0.098366,0.0,0.0,0.0,0.0
61.050625,0.0,0.0,0.098366,0.0,0.0,0.0,0.0
61.100625,0.0,0.0,0.098366,0.0,0.0,0.0,0.0
61.150625,0.0,0.0,0.098366,0.0,0.0,0.0,0.0
61.200625,0.0,0.0,0.098366,0.0,0.0,0.0,0.0
61.250625,0.0,0.0,0.098366,0.0,0.0,0.0,0.0
61.300625,0.0,0.0,0.098366,0.0,0.0,0.0,0.0
61.350625,0.0,0.0,0.098366,0.0,0.0,0.0,0.0
61.400625,0.0,0.0,0.098366,0.0,0.0,0.0,0.0
61.450625,0.0,0.0,0.098366,0.0,0.0,0.0,0.0
61.500625,0.0,0.0,0.098366,0.0,0.0,0.0,0.0
61.550625,0.0,0.0,0.098366,0.0,0.0,0.0,0.0
61.600625,0.0,0.0,0.098366,0.0,0.0,0.0,0.0
61.650625,0.0,0.0,0.098366,0.0,0.0,0.0,0.0
61.700625,0.0,0.0,0.098366,0.0,0.0,0.0,0.0
61.750625,0.0,0.0,0.098366,0.0,0.0,0.0,0.0
61.800625,0.0,0.0,0.098366,0.0,0.0,0.0,0.0
61.850625,0.0,0.0,0.098366,0.0,0.0,0.0,0.0
61.900625,0.0,0.0,0.098366,0.0,0.0,0.0,0.0
61.950625,0.0,0.0,0.098366,0.0,0.0,0.0,0.0
62.000625,0.0,0.0,0.098366,0.0,0.0,0.0,0.0
62.050625,0.0,0.0,0.098366,0.0,0.0,0.0,0.0
62.100625,0.0,0.0,0.098366,0.0,0.0,0.0,0.0
62.150625,0.0,0.0,0.098366,0.0,0.0,0.0,0.0
62.200625,0.0,0.0,0.098366,0.0,0.0,0.0,0.0
62.250625,0.0,0.0,0.098366,0.0,0.0,0.0,0.0
62.300625,0.0,0.0,0.098366,0.0,0.0,0.0,0.0
62.350625,0.0,0.0,0.098366,0.0,0.0,0.0,0.0
62.400625,0.0,0.0,0.098366,0.0,0.0,0.0,0.0
62.450625,0.0,0.0,0.098366,0.0,0.0,0.0,0.0
62.500625,0.0,0.0,0.098366,0.0,0.0,0.0,0.0
62.550625,0.0,0.0,0.098366,0.0,0.0,0.0,0.0
62.600625,0.0,0.0,0.098366,0.0,0.0,0.0,0.0
62.650625,0.0,0.0,0.098366,0.0,0.0,0.0,0.0
62.700625,0.0,0.0,0.098366,0.0,0.0,0.0,0.0
62.750625,0.0,0.0,0.098366,0.0,0.0,0.0,0.0
62.800625,0.0,0.0,0.098366,0.0,0.0,0.0,0.0
62.850625,0.0,0.0,0.098366,0.0,0.0,0.0,0.0
62.900625,0.0,0.0,0.098366,0.0,0.0,0.0,0.0
62.950625,0.0,0.0,0.098366,0.0,0.0,0.0,0.0
63.000625,0.0,0.0,0.098366,0.0,0.0,0.0,0.0
63.050625,0.0,0.0,0.098366,0.0,0.0,0.0,0.0
63.100625,0.0,0.0,0.098366,0.0,0.0,0.0,0.0
63.150625,0.0,0.0,0.098366,0.0,0.0,0.0,0.0
63.200625,0.0,0.0,0.098366,0.0,0.0,0.0,0.0
63.250625,0.0,0.0,0.098366,0.0,0.0,0.0,0.0
63.300625,0.0,0.0,0.098366,0.0,0.0,0.0,0.0
63.350625,0.0,0.0,0.098366,0.0,0.0,0.0,0.0
63.400625,0.0,0.0,0.098366,0.0,0.0,0.0,0.0
63.450625,0.0,0.0,0.098366,0.0,0.0,0.0,0.0
63.500625,0.0,0.0,0.098366,0.0,0.0,0.0,0.0
63.550625,0.0,0.0,0.098366,0.0,0.0,0.0,0.0
63.600625,0.0,0.0,0.098366,0.0,0.0,0.0,0.0
63.650625,0.0,0.0,0.098366,0.0,0.0,0.0,0.0
63.700625,0.0,0.0,0.098366,0.0,0.0,0.0,0.0
63.750625,0.0,0.0,0.098366,0.0,0.0,0.0,0.0
63.800625,0.0,0.0,0.098366,0.0,0.0,0.0,0.0
63.850625,0.0,0.0,0.098366,0.0,0.0,0.0,0.0
63.900625,0.0,0.0,0.098366,0.0,0.0,0.0,0.0
63.950625,0.0,0.0,0.098366,0.0,0.0,0.0,0.0
64.000625,0.0,0.0,0.098366,0.0,0.0,0.0,0.0
64.050625,0.0,0.0,0.098366,0.0,0.0,0.0,0.0
64.100625,0.0,0.0,0.098366,0.0,0.0,0.0,0.0
64.150625,0.0,0.0,0.098366,0.0,0.0,0.0,0.0
64.200625,0.0,0.0,0.098366,0.0,0.0,0.0,0.0
64.250625,0.0,0.0,0.098366,0.0,0.0,0.0,0.0
64.300625,0.0,0.0,0.098366,0.0,0.0,0.0,0.0
64.350625,0.0,0.0,0.098366,0.0,0.0,0.0,0.0
64.400625,0.0,0.0,0.098366,0.0,0.0,0.0,0.0
64.450625,0.0,0.0,0.098366,0.0,0.0,0.0,0.0
64.500625,0.0,0.0,0.098366,0.0,0.0,0.0,0.0
64.550625,0.0,0.0,0.098366,0.0,0.0,0.0,0.0
64.600625,0.0,0.0,0.098366,0.0,0.0,0.0,0.0
64.650625,0.0,0.0,0.098366,0.0,0.0,0.0,0.0
64.700625,0.0,0.0,0.098366,0.0,0.0,0.0,0.0
64.750625,0.0,0.0,0.098366,0.0,0.0,0.0,0.0
64.800625,0.0,0.0,0.098366,0.0,0.0,0.0,0.0
64.850625,0.0,0.0,0.098366,0.0,0.0,0.0,0.0
64.900625,0.0,0.0,0.098366,0.0,0.0,0.0,0.0
64.950625,0.0,0.0,0.098366,0.0,0.0,0.0,0.0
65.000625,0.0,0.0,0.098366,0.0,0.0,0.0,0.0
65.050625,0.0,0.0,0.098366,0.0,0.0,0.0,0.0
65.100625,0.0,0.0,0.098366,0.0,0.0,0.0,0.0
65.150625,0.0,0.0,0.098366,0.0,0.0,0.0,0.0
65.200625,0.0,0.0,0.098366,0.0,0.0,0.0,0.0
65.250625,0.0,0.0,0.098366,0.0,0.0,0.0,0.0
65.300625,0.0,0.0,0.098366,0.0,0.0,0.0,0.0
65.350625,0.0,0.0,0.098366,0.0,0.0,0.0,0.0
65.400625,0.0,0.0,0.098366,0.0,0.0,0.0,0.0
65.450625,0.0,0.0,0.098366,0.0,0.0,0.0,0.0
65.500625,0.0,0.0,0.098366,0.0,0.0,0.0,0.0
65.550625,0.0,0.0,0.098366,0.0,0.0,0.0,0.0
65.600625,0.0,0.0,0.098366,0.0,0.0,0.0,0.0
65.650625,0.0,0.0,0.098366,0.0,0.0,0.0,0.0
65.700625,0.0,0.0,0.098366,0.0,0.0,0.0,0.0
65.750625,0.0,0.0,0.098366,0.0,0.0,0.0,0.0
65.800625,0.0,0.0,0.098366,0.0,0.0,0.0,0.0
65.850625,0.0,0.0,0.098366,0.0,0.0,0.0,0.0
65.900625,0.0,0.0,0.098366,0.0,0.0,0.0,0.0
65.950625,0.0,0.0,0.098366,0.0,0.0,0.0,0.0
66.000625,0.0,0.0,0.098366,0.0,0.0,0.0,0.0
66.050625,0.0,0.0,0.098366,0.0,0.0,0.0,0.0
66.100625,0.0,0.0,0.098366,0.0,0.0,0.0,0.0
66.150625,0.0,0.0,0.098366,0.0,0.0,0.0,0.0
66.200625,0.0,0.0,0.098366,0.0,0.0,0.0,0.0
66.250625,0.0,0.0,0.098366,0.0,0.0,0.0,0.0
66.300625,0.0,0.0,0.098366,0.0,0.0,0.0,0.0
66.350625,0.0,0.0,0.098366,0.0,0.0,0.0,0.0
66.400625,0.0,0.0,0.098366,0.0,0.0,0.0,0.0
66.450625,0.0,0.0,0.098366,0.0,0.0,0.0,0.0
66.500625,0.0,0.0,0.098366,0.0,0.0,0.0,0.0
66.550625,0.0,0.0,0.098366,0.0,0.0,0.0,0.0
66.600625,0.0,0.0,0.098366,0.0,0.0,0.0,0.0
66.650625,0.0,0.0,0.098366,0.0,0.0,0.0,0.0
66.700625,0.0,0.0,0.098366,0.0,0.0,0.0,0.0
66.750625,0.0,0.0,0.098366,0.0,0.0,0.0,0.0
66.800625,0.0,0.0,0.098366,0.0,0.0,0.0,0.0
66.850625,0.0,0.0,0.098366,0.0,0.0,0.0,0.0
66.900625,0.0,0.0,0.098366,0.0,0.0,0.0,0.0
66.950625,0.0,0.0,0.098366,0.0,0.0,0.0,0.0
67.000625,0.0,0.0,0.098366,0.0,0.0,0.0,0.0
67.050625,0.0,0.0,0.098366,0.0,0.0,0.0,0.0
67.100625,0.0,0.0,0.098366,0.0,0.0,0.0,0.0
67.150625,0.0,0.0,0.098366,0.0,0.0,0.0,0.0
67.200625,0.0,0.0,0.098366,0.0,0.0,0.0,0.0
67.250625,0.0,0.0,0.098366,0.0,0.0,0.0,0.0
67.300625,0.0,0.0,0.098366,0.0,0.0,0.0,0.0
67.350625,0.0,0.0,0.098366,0.0,0.0,0.0,0.0
67.400625,0.0,0.0,0.098366,0.0,0.0,0.0,0.0
67.450625,0.0,0.0,0.098366,0.0,0.0,0.0,0.0
67.500625,0.0,0.0,0.098366,0.0,0.0,0.0,0.0
67.550625,0.0,0.0,0.098366,0.0,0.0,0.0,0.0
67.600625,0.0,0.0,0.098366,0.0,0.0,0.0,0.0
67.650625,0.0,0.0,0.098366,0.0,0.0,0.0,0.0
67.700625,0.0,0.0,0.098366,0.0,0.0,0.0,0.0
67.750625,0.0,0.0,0.098366,0.0,0.0,0.0,0.0
67.800625,0.0,0.0,0.098366,0.0,0.0,0.0,0.0
67.850625,0.0,0.0,0.098366,0.0,0.0,0.0,0.0
67.900625,0.0,0.0,0.098366,0.0,0.0,0.0,0.0
67.950625,0.0,0.0,0.098366,0.0,0.0,0.0,0.0
68.000625,0.0,0.0,0.098366,0.0,0.0,0.0,0.0
68.050625,0.0,0.0,0.098366,0.0,0.0,0.0,0.0
68.100625,0.0,0.0,0.098366,0.0,0.0,0.0,0.0
68.150625,0.0,0.0,0.098366,0.0,0.0,0.0,0.0
68.200625,0.0,0.0,0.098366,0.0,0.0,0.0,0.0
68.250625,0.0,0.0,0.098366,0.0,0.0,0.0,0.0
68.300625,0.0,0.0,0.098366,0.0,0.0,0.0,0.0
68.350625,0.0,0.0,0.098366,0.0,0.0,0.0,0.0
68.400625,0.0,0.0,0.098366,0.0,0.0,0.0,0.0
68.450625,0.0,0.0,0.098366,0.0,0.0,0.0,0.0
68.500625,0.0,0.0,0.098366,0.0,0.0,0.0,0.0
68.550625,0.0,0.0,0.098366,0.0,0.0,0.0,0.0
68.600625,0.0,0.0,0.098366,0.0,0.0,0.0,0.0
68.650625,0.0,0.0,0.098366,0.0,0.0,0.0,0.0
68.700625,0.0,0.0,0.098366,0.0,0.0,0.0,0.0
68.750625,0.0,0.0,0.098366,0.0,0.0,0.0,0.0
68.800625,0.0,0.0,0.098366,0.0,0.0,0.0,0.0
68.850625,0.0,0.0,0.098366,0.0,0.0,0.0,0.0
68.900625,0.0,0.0,0.098366,0.0,0.0,0.0,0.0
68.950625,0.0,0.0,0.098366,0.0,0.0,0.0,0.0
69.000625,0.0,0.0,0.098366,0.0,0.0,0.0,0.0
69.050625,0.0,0.0,0.098366,0.0,0.0,0.0,0.0
69.100625,0.0,0.0,0.098366,0.0,0.0,0.0,0.0
69.150625,0.0,0.0,0.098366,0.0,0.0,0.0,0.0
69.200625,0.0,0.0,0.098366,0.0,0.0,0.0,0.0
69.250625,0.0,0.0,0.098366,0.0,0.0,0.0,0.0
69.300625,0.0,0.0,0.098366,0.0,0.0,0.0,0.0
69.350625,0.0,0.0,0.098366,0.0,0.0,0.0,0.0
69.400625,0.0,0.0,0.098366,0.0,0.0,0.0,0.0
69.450625,0.0,0.0,0.098366,0.0,0.0,0.0,0.0
69.500625,0.0,0.0,0.098366,0.0,0.0,0.0,0.0
69.550625,0.0,0.0,0.098366,0.0,0.0,0.0,0.0
69.600625,0.0,0.0,0.098366,0.0,0.0,0.0,0.0
69.650625,0.0,0.0,0.098366,0.0,0.0,0.0,0.0
69.700625,0.0,0.0,0.098366,0.0,0.0,0.0,0.0
69.750625,0.0,0.0,0.098366,0.0,0.0,0.0,0.0
69.800625,0.0,0.0,0.098366,0.0,0.0,0.0,0.0
69.850625,0.0,0.0,0.098366,0.0,0.0,0.0,0.0
69.900625,0.0,0.0,0.098366,0.0,0.0,0.0,0.0
69.950625,0.0,0.0,0.098366,0.0,0.0,0.0,0.0
70.000625,0.0,0.0,0.098366,0.0,0.0,0.0,0.0
70.050625,0.0,0.0,0.098366,0.0,0.0,0.0,0.0
70.100625,0.0,0.0,0.098366,0.0,0.0,0.0,0.0
70.150625,0.0,0.0,0.098366,0.0,0.0,0.0,0.0
70.200625,0.0,0.0,0.098366,0.0,0.0,0.0,0.0
70.250625,0.0,0.0,0.098366,0.0,0.0,0.0,0.0
70.300625,0.0,0.0,0.098366,0.0,0.0,0.0,0.0
70.350625,0.0,0.0,0.098366,0.0,0.0,0.0,0.0
70.400625,0.0,0.0,0.098366,0.0,0.0,0.0,0.0
70.450625,0.0,0.0,0.098366,0.0,0.0,0.0,0.0
70.500625,0.0,0.0,0.098366,0.0,0.0,0.0,0.0
70.550625,0.0,0.0,0.098366,0.0,0.0,0.0,0.0
70.600625,0.0,0.0,0.098366,0.0,0.0,0.0,0.0
70.650625,0.0,0.0,0.098366,0.0,0.0,0.0,0.0
70.700625,0.0,0.0,0.098366,0.0,0.0,0.0,0.0
70.750625,0.0,0.0,0.098366,0.0,0.0,0.0,0.0
70.800625,0.0,0.0,0.098366,0.0,0.0,0.0,0.0
70.850625,0.0,0.0,0.098366,0.0,0.0,0.0,0.0
70.900625,0.0,0.0,0.098366,0.0,0.0,0.0,0.0
70.950625,0.0,0.0,0.098366,0.0,0.0,0.0,0.0
71.000625,0.0,0.0,0.098366,0.0,0.0,0.0,0.0
71.050625,0.0,0.0,0.098366,0.0,0.0,0.0,0.0
71.100625,0.0,0.0,0.098366,0.0,0.0,0.0,0.0
71.150625,0.0,0.0,0.098366,0.0,0.0,0.0,0.0
71.200625,0.0,0.0,0.098366,0.0,0.0,0.0,0.0
71.250625,0.0,0.0,0.098366,0.0,0.0,0.0,0.0
71.300625,0.0,0.0,0.098366,0.0,0.0,0.0,0.0
71.350625,0.0,0.0,0.098366,0.0,0.0,0.0,0.0
71.400625,0.0,0.0,0.098366,0.0,0.0,0.0,0.0
71.450625,0.0,0.0,0.098366,0.0,0.0,0.0,0.0
71.500625,0.0,0.0,0.098366,0.0,0.0,0.0,0.0
71.550625,0.0,0.0,0.098366,0.0,0.0,0.0,0.0
71.600625,0.0,0.0,0.098366,0.0,0.0,0.0,0.0
71.650625,0.0,0.0,0.098366,0.0,0.0,0.0,0.0
71.700625,0.0,0.0,0.098366,0.0,0.0,0.0,0.0
71.750625,0.0,0.0,0.098366,0.0,0.0,0.0,0.0
71.800625,0.0,0.0,0.098366,0.0,0.0,0.0,0.0
71.850625,0.0,0.0,0.098366,0.0,0.0,0.0,0.0
71.900625,0.0,0.0,0.098366,0.0,0.0,0.0,0.0
71.950625,0.0,0.0,0.098366,0.0,0.0,0.0,0.0
72.000625,0.0,0.0,0.098366,0.0,0.0,0.0,0.0
72.050625,0.0,0.0,0.098366,0.0,0.0,0.0,0.0
72.100625,0.0,0.0,0.098366,0.0,0.0,0.0,0.0
72.150625,0.0,0.0,0.098366,0.0,0.0,0.0,0.0
72.200625,0.0,0.0,0.098366,0.0,0.0,0.0,0.0
72.250625,0.0,0.0,0.098366,0.0,0.0,0.0,0.0
72.300625,0.0,0.0,0.098366,0.0,0.0,0.0,0.0
72.350625,0.0,0.0,0.098366,0.0,0.0,0.0,0.0
72.400625,0.0,0.0,0.098366,0.0,0.0,0.0,0.0
72.450625,0.0,0.0,0.098366,0.0,0.0,0.0,0.0
72.500625,0.0,0.0,0.098366,0.0,0.0,0.0,0.0
72.550625,0.0,0.0,0.098366,0.0,0.0,0.0,0.0
72.600625,0.0,0.0,0.098366,0.0,0.0,0.0,0.0
72.650625,0.0,0.0,0.098366,0.0,0.0,0.0,0.0
72.700625,0.0,0.0,0.098366,0.0,0.0,0.0,0.0
72.750625,0.0,0.0,0.098366,0.0,0.0,0.0,0.0
72.800625,0.0,0.0,0.098366,0.0,0.0,0.0,0.0
72.850625,0.0,0.0,0.098366,0.0,0.0,0.0,0.0
72.900625,0.0,0.0,0.098366,0.0,0.0,0.0,0.0
72.950625,0.0,0.0,0.098366,0.0,0.0,0.0,0.0
73.000625,0.0,0.0,0.098366,0.0,0.0,0.0,0.0
73.050625,0.0,0.0,0.098366,0.0,0.0,0.0,0.0
73.100625,0.0,0.0,0.098366,0.0,0.0,0.0,0.0
73.150625,0.0,0.0,0.098366,0.0,0.0,0.0,0.0
73.200625,0.0,0.0,0.098366,0.0,0.0,0.0,0.0
73.250625,0.0,0.0,0.098366,0.0,0.0,0.0,0.0
73.300625,0.0,0.0,0.098366,0.0,0.0,0.0,0.0
73.350625,0.0,0.0,0.098366,0.0,0.0,0.0,0.0
73.400625,0.0,0.0,0.098366,0.0,0.0,0.0,0.0
73.450625,0.0,0.0,0.098366,0.0,0.0,0.0,0.0
73.500625,0.0,0.0,0.098366,0.0,0.0,0.0,0.0
73.550625,0.0,0.0,0.098366,0.0,0.0,0.0,0.0
73.600625,0.0,0.0,0.098366,0.0,0.0,0.0,0.0
73.650625,0.0,0.0,0.098366,0.0,0.0,0.0,0.0
73.700625,0.0,0.0,0.098366,0.0,0.0,0.0,0.0
73.750625,0.0,0.0,0.098366,0.0,0.0,0.0,0.0
73.800625,0.0,0.0,0.098366,0.0,0.0,0.0,0.0
73.850625,0.0,0.0,0.098366,0.0,0.0,0.0,0.0
73.900625,0.0,0.0,0.098366,0.0,0.0,0.0,0.0
73.950625,0.0,0.0,0.098366,0.0,0.0,0.0,0.0
74.000625,0.0,0.0,0.098366,0.0,0.0,0.0,0.0
74.050625,0.0,0.0,0.098366,0.0,0.0,0.0,0.0
74.100625,0.0,0.0,0.098366,0.0,0.0,0.0,0.0
74.150625,0.0,0.0,0.098366,0.0,0.0,0.0,0.0
74.200625,0.0,0.0,0.098366,0.0,0.0,0.0,0.0
74.250625,0.0,0.0,0.098366,0.0,0.0,0.0,0.0
74.300625,0.0,0.0,0.098366,0.0,0.0,0.0,0.0
74.350625,0.0,0.0,0.098366,0.0,0.0,0.0,0.0
74.400625,0.0,0.0,0.098366,0.0,0.0,0.0,0.0
74.450625,0.0,0.0,0.098366,0.0,0.0,0.0,0.0
74.500625,0.0,0.0,0.098366,0.0,0.0,0.0,0.0
74.550625,0.0,0.0,0.098366,0.0,0.0,0.0,0.0
74.600625,0.0,0.0,0.098366,0.0,0.0,0.0,0.0
74.650625,0.0,0.0,0.098366,0.0,0.0,0.0,0.0
74.700625,0.0,0.0,0.098366,0.0,0.0,0.0,0.0
74.750625,0.0,0.0,0.098366,0.0,0.0,0.0,0.0
74.800625,0.0,0.0,0.098366,0.0,0.0,0.0,0.0
74.850625,0.0,0.0,0.098366,0.0,0.0,0.0,0.0
74.900625,0.0,0.0,0.098366,0.0,0.0,0.0,0.0
74.950625,0.0,0.0,0.098366,0.0,0.0,0.0,0.0
75.000625,0.0,0.0,0.098366,0.0,0.0,0.0,0.0
75.050625,0.0,0.0,0.098366,0.0,0.0,0.0,0.0
75.100625,0.0,0.0,0.098366,0.0,0.0,0.0,0.0
75.150625,0.0,0.0,0.098366,0.0,0.0,0.0,0.0
75.200625,0.0,0.0,0.098366,0.0,0.0,0.0,0.0
75.250625,0.0,0.0,0.098366,0.0,0.0,0.0,0.0
75.300625,0.0,0.0,0.098366,0.0,0.0,0.0,0.0
75.350625,0.0,0.0,0.098366,0.0,0.0,0.0,0.0
75.400625,0.0,0.0,0.098366,0.0,0.0,0.0,0.0
75.450625,0.0,0.0,0.098366,0.0,0.0,0.0,0.0
75.500625,0.0,0.0,0.098366,0.0,0.0,0.0,0.0
75.550625,0.0,0.0,0.098366,0.0,0.0,0.0,0.0
75.600625,0.0,0.0,0.098366,0.0,0.0,0.0,0.0
75.650625,0.0,0.0,0.098366,0.0,0.0,0.0,0.0
75.700625,0.0,0.0,0.098366,0.0,0.0,0.0,0.0
75.750625,0.0,0.0,0.098366,0.0,0.0,0.0,0.0
75.800625,0.0,0.0,0.098366,0.0,0.0,0.0,0.0
75.850625,0.0,0.0,0.098366,0.0,0.0,0.0,0.0
75.900625,0.0,0.0,0.098366,0.0,0.0,0.0,0.0
75.950625,0.0,0.0,0.098366,0.0,0.0,0.0,0.0
76.000625,0.0,0.0,0.098366,0.0,0.0,0.0,0.0
76.050625,0.0,0.0,0.098366,0.0,0.0,0.0,0.0
76.100625,0.0,0.0,0.098366,0.0,0.0,0.0,0.0
76.150625,0.0,0.0,0.098366,0.0,0.0,0.0,0.0
76.200625,0.0,0.0,0.098366,0.0,0.0,0.0,0.0
76.250625,0.0,0.0,0.098366,0.0,0.0,0.0,0.0
76.300625,0.0,0.0,0.098366,0.0,0.0,0.0,0.0
76.350625,0.0,0.0,0.098366,0.0,0.0,0.0,0.0
76.400625,0.0,0.0,0.098366,0.0,0.0,0.0,0.0
76.450625,0.0,0.0,0.098366,0.0,0.0,0.0,0.0
76.500625,0.0,0.0,0.098366,0.0,0.0,0.0,0.0
76.550625,0.0,0.0,0.098366,0.0,0.0,0.0,0.0
76.600625,0.0,0.0,0.098366,0.0,0.0,0.0,0.0
76.650625,0.0,0.0,0.098366,0.0,0.0,0.0,0.0
76.700625,0.0,0.0,0.098366,0.0,0.0,0.0,0.0
76.750625,0.0,0.0,0.098366,0.0,0.0,0.0,0.0
76.800625,0.0,0.0,0.098366,0.0,0.0,0.0,0.0
76.850625,0.0,0.0,0.098366,0.0,0.0,0.0,0.0
76.900625,0.0,0.0,0.098366,0.0,0.0,0.0,0.0
76.950625,0.0,0.0,0.098366,0.0,0.0,0.0,0.0
77.000625,0.0,0.0,0.098366,0.0,0.0,0.0,0.0
77.050625,0.0,0.0,0.098366,0.0,0.0,0.0,0.0
77.100625,0.0,0.0,0.098366,0.0,0.0,0.0,0.0
77.150625,0.0,0.0,0.098366,0.0,0.0,0.0,0.0
77.200625,0.0,0.0,0.098366,0.0,0.0,0.0,0.0
77.250625,0.0,0.0,0.098366,0.0,0.0,0.0,0.0
77.300625,0.0,0.0,0.098366,0.0,0.0,0.0,0.0
77.350625,0.0,0.0,0.098366,0.0,0.0,0.0,0.0
77.400625,0.0,0.0,0.098366,0.0,0.0,0.0,0.0
77.450625,0.0,0.0,0.098366,0.0,0.0,0.0,0.0
77.500625,0.0,0.0,0.098366,0.0,0.0,0.0,0.0
77.550625,0.0,0.0,0.098366,0.0,0.0,0.0,0.0
77.600625,0.0,0.0,0.098366,0.0,0.0,0.0,0.0
77.650625,0.0,0.0,0.098366,0.0,0.0,0.0,0.0
77.700625,0.0,0.0,0.098366,0.0,0.0,0.0,0.0
77.750625,0.0,0.0,0.098366,0.0,0.0,0.0,0.0
77.800625,0.0,0.0,0.098366,0.0,0.0,0.0,0.0
77.850625,0.0,0.0,0.098366,0.0,0.0,0.0,0.0
77.900625,0.0,0.0,0.098366,0.0,0.0,0.0,0.0
77.950625,0.0,0.0,0.098366,0.0,0.0,0.0,0.0
78.000625,0.0,0.0,0.098366,0.0,0.0,0.0,0.0
78.050625,0.0,0.0,0.098366,0.0,0.0,0.0,0.0
78.100625,0.0,0.0,0.098366,0.0,0.0,0.0,0.0
78.150625,0.0,0.0,0.098366,0.0,0.0,0.0,0.0
78.200625,0.0,0.0,0.098366,0.0,0.0,0.0,0.0
78.250625,0.0,0.0,0.098366,0.0,0.0,0.0,0.0
78.300625,0.0,0.0,0.098366,0.0,0.0,0.0,0.0
78.350625,0.0,0.0,0.098366,0.0,0.0,0.0,0.0
78.400625,0.0,0.0,0.098366,0.0,0.0,0.0,0.0
78.450625,0.0,0.0,0.098366,0.0,0.0,0.0,0.0
78.500625,0.0,0.0,0.098366,0.0,0.0,0.0,0.0
78.550625,0.0,0.0,0.098366,0.0,0.0,0.0,0.0
78.600625,0.0,0.0,0.098366,0.0,0.0,0.0,0.0
78.650625,0.0,0.0,0.098366,0.0,0.0,0.0,0.0
78.700625,0.0,0.0,0.098366,0.0,0.0,0.0,0.0
78.750625,0.0,0.0,0.098366,0.0,0.0,0.0,0.0
78.800625,0.0,0.0,0.098366,0.0,0.0,0.0,0.0
78.850625,0.0,0.0,0.098366,0.0,0.0,0.0,0.0
78.900625,0.0,0.0,0.098366,0.0,0.0,0.0,0.0
78.950625,0.0,0.0,0.098366,0.0,0.0,0.0,0.0
79.000625,0.0,0.0,0.098366,0.0,0.0,0.0,0.0
79.050625,0.0,0.0,0.098366,0.0,0.0,0.0,0.0
79.100625,0.0,0.0,0.098366,0.0,0.0,0.0,0.0
79.150625,0.0,0.0,0.098366,0.0,0.0,0.0,0.0
79.200625,0.0,0.0,0.098366,0.0,0.0,0.0,0.0
79.250625,0.0,0.0,0.098366,0.0,0.0,0.0,0.0
79.300625,0.0,0.0,0.098366,0.0,0.0,0.0,0.0
79.350625,0.0,0.0,0.098366,0.0,0.0,0.0,0.0
79.400625,0.0,0.0,0.098366,0.0,0.0,0.0,0.0
79.450625,0.0,0.0,0.098366,0.0,0.0,0.0,0.0
79.500625,0.0,0.0,0.098366,0.0,0.0,0.0,0.0
79.550625,0.0,0.0,0.098366,0.0,0.0,0.0,0.0
79.600625,0.0,0.0,0.098366,0.0,0.0,0.0,0.0
79.650625,0.0,0.0,0.098366,0.0,0.0,0.0,0.0
79.700625,0.0,0.0,0.098366,0.0,0.0,0.0,0.0
79.750625,0.0,0.0,0.098366,0.0,0.0,0.0,0.0
79.800625,0.0,0.0,0.098366,0.0,0.0,0.0,0.0
79.850625,0.0,0.0,0.098366,0.0,0.0,0.0,0.0
79.900625,0.0,0.0,0.098366,0.0,0.0,0.0,0.0
79.950625,0.0,0.0,0.098366,0.0,0.0,0.0,0.0
80.000625,0.0,0.0,0.098366,0.0,0.0,0.0,0.0
80.050625,0.0,0.0,0.098366,0.0,0.0,0.0,0.0
80.100625,0.0,0.0,0.098366,0.0,0.0,0.0,0.0
80.150625,0.0,0.0,0.098366,0.0,0.0,0.0,0.0
80.200625,0.0,0.0,0.098366,0.0,0.0,0.0,0.0
80.250625,0.0,0.0,0.098366,0.0,0.0,0.0,0.0
80.300625,0.0,0.0,0.098366,0.0,0.0,0.0,0.0
80.350625,0.0,0.0,0.098366,0.0,0.0,0.0,0.0
80.400625,0.0,0.0,0.098366,0.0,0.0,0.0,0.0
80.450625,0.0,0.0,0.098366,0.0,0.0,0.0,0.0
80.500625,0.0,0.0,0.098366,0.0,0.0,0.0,0.0
80.550625,0.0,0.0,0.098366,0.0,0.0,0.0,0.0
80.600625,0.0,0.0,0.098366,0.0,0.0,0.0,0.0
80.650625,0.0,0.0,0.098366,0.0,0.0,0.0,0.0
80.700625,0.0,0.0,0.098366,0.0,0.0,0.0,0.0
80.750625,0.0,0.0,0.098366,0.0,0.0,0.0,0.0
80.800625,0.0,0.0,0.098366,0.0,0.0,0.0,0.0
80.850625,0.0,0.0,0.098366,0.0,0.0,0.0,0.0
80.900625,0.0,0.0,0.098366,0.0,0.0,0.0,0.0
80.950625,0.0,0.0,0.098366,0.0,0.0,0.0,0.0
81.000625,0.0,0.0,0.098366,0.0,0.0,0.0,0.0
81.050625,0.0,0.0,0.098366,0.0,0.0,0.0,0.0
81.100625,0.0,0.0,0.098366,0.0,0.0,0.0,0.0
81.150625,0.0,0.0,0.098366,0.0,0.0,0.0,0.0
81.200625,0.0,0.0,0.098366,0.0,0.0,0.0,0.0
81.250625,0.0,0.0,0.098366,0.0,0.0,0.0,0.0
81.300625,0.0,0.0,0.098366,0.0,0.0,0.0,0.0
81.350625,0.0,0.0,0.098366,0.0,0.0,0.0,0.0
81.400625,0.0,0.0,0.098366,0.0,0.0,0.0,0.0
81.450625,0.0,0.0,0.098366,0.0,0.0,0.0,0.0
81.500625,0.0,0.0,0.098366,0.0,0.0,0.0,0.0
81.550625,0.0,0.0,0.098366,0.0,0.0,0.0,0.0
81.600625,0.0,0.0,0.098366,0.0,0.0,0.0,0.0
81.650625,0.0,0.0,0.098366,0.0,0.0,0.0,0.0
81.700625,0.0,0.0,0.098366,0.0,0.0,0.0,0.0
81.750625,0.0,0.0,0.098366,0.0,0.0,0.0,0.0
81.800625,0.0,0.0,0.098366,0.0,0.0,0.0,0.0
81.850625,0.0,0.0,0.098366,0.0,0.0,0.0,0.0
81.900625,0.0,0.0,0.098366,0.0,0.0,0.0,0.0
81.950625,0.0,0.0,0.098366,0.0,0.0,0.0,0.0
82.000625,0.0,0.0,0.098366,0.0,0.0,0.0,0.0
82.050625,0.0,0.0,0.098366,0.0,0.0,0.0,0.0
82.100625,0.0,0.0,0.098366,0.0,0.0,0.0,0.0
82.150625,0.0,0.0,0.098366,0.0,0.0,0.0,0.0
82.200625,0.0,0.0,0.098366,0.0,0.0,0.0,0.0
82.250625,0.0,0.0,0.098366,0.0,0.0,0.0,0.0
82.300625,0.0,0.0,0.098366,0.0,0.0,0.0,0.0
82.350625,0.0,0.0,0.098366,0.0,0.0,0.0,0.0
82.400625,0.0,0.0,0.098366,0.0,0.0,0.0,0.0
82.450625,0.0,0.0,0.098366,0.0,0.0,0.0,0.0
82.500625,0.0,0.0,0.098366,0.0,0.0,0.0,0.0
82.550625,0.0,0.0,0.098366,0.0,0.0,0.0,0.0
82.600625,0.0,0.0,0.098366,0.0,0.0,0.0,0.0
82.650625,0.0,0.0,0.098366,0.0,0.0,0.0,0.0
82.700625,0.0,0.0,0.098366,0.0,0.0,0.0,0.0
82.750625,0.0,0.0,0.098366,0.0,0.0,0.0,0.0
82.800625,0.0,0.0,0.098366,0.0,0.0,0.0,0.0
82.850625,0.0,0.0,0.098366,0.0,0.0,0.0,0.0
82.900625,0.0,0.0,0.098366,0.0,0.0,0.0,0.0
82.950625,0.0,0.0,0.098366,0.0,0.0,0.0,0.0
83.000625,0.0,0.0,0.098366,0.0,0.0,0.0,0.0
83.050625,0.0,0.0,0.098366,0.0,0.0,0.0,0.0
83.100625,0.0,0.0,0.098366,0.0,0.0,0.0,0.0
83.150625,0.0,0.0,0.098366,0.0,0.0,0.0,0.0
83.200625,0.0,0.0,0.098366,0.0,0.0,0.0,0.0
83.250625,0.0,0.0,0.098366,0.0,0.0,0.0,0.0
83.300625,0.0,0.0,0.098366,0.0,0.0,0.0,0.0
83.350625,0.0,0.0,0.098366,0.0,0.0,0.0,0.0
83.400625,0.0,0.0,0.098366,0.0,0.0,0.0,0.0
83.450625,0.0,0.0,0.098366,0.0,0.0,0.0,0.0
83.500625,0.0,0.0,0.098366,0.0,0.0,0.0,0.0
83.550625,0.0,0.0,0.098366,0.0,0.0,0.0,0.0
83.600625,0.0,0.0,0.098366,0.0,0.0,0.0,0.0
83.650625,0.0,0.0,0.098366,0.0,0.0,0.0,0.0
83.700625,0.0,0.0,0.098366,0.0,0.0,0.0,0.0
83.750625,0.0,0.0,0.098366,0.0,0.0,0.0,0.0
83.800625,0.0,0.0,0.098366,0.0,0.0,0.0,0.0
83.850625,0.0,0.0,0.098366,0.0,0.0,0.0,0.0
83.900625,0.0,0.0,0.098366,0.0,0.0,0.0,0.0
83.950625,0.0,0.0,0.098366,0.0,0.0,0.0,0.0
84.000625,0.0,0.0,0.098366,0.0,0.0,0.0,0.0
84.050625,0.0,0.0,0.098366,0.0,0.0,0.0,0.0
84.100625,0.0,0.0,0.098366,0.0,0.0,0.0,0.0
84.150625,0.0,0.0,0.098366,0.0,0.0,0.0,0.0
84.200625,0.0,0.0,0.098366,0.0,0.0,0.0,0.0
84.250625,0.0,0.0,0.098366,0.0,0.0,0.0,0.0
84.300625,0.0,0.0,0.098366,0.0,0.0,0.0,0.0
84.350625,0.0,0.0,0.098366,0.0,0.0,0.0,0.0
84.400625,0.0,0.0,0.098366,0.0,0.0,0.0,0.0
84.450625,0.0,0.0,0.098366,0.0,0.0,0.0,0.0
84.500625,0.0,0.0,0.098366,0.0,0.0,0.0,0.0
84.550625,0.0,0.0,0.098366,0.0,0.0,0.0,0.0
84.600625,0.0,0.0,0.098366,0.0,0.0,0.0,0.0
84.650625,0.0,0.0,0.098366,0.0,0.0,0.0,0.0
84.700625,0.0,0.0,0.098366,0.0,0.0,0.0,0.0
84.750625,0.0,0.0,0.098366,0.0,0.0,0.0,0.0
84.800625,0.0,0.0,0.098366,0.0,0.0,0.0,0.0
84.850625,0.0,0.0,0.098366,0.0,0.0,0.0,0.0
84.900625,0.0,0.0,0.098366,0.0,0.0,0.0,0.0
84.950625,0.0,0.0,0.098366,0.0,0.0,0.0,0.0
85.000625,0.0,0.0,0.098366,0.0,0.0,0.0,0.0
85.050625,0.0,0.0,0.098366,0.0,0.0,0.0,0.0
85.100625,0.0,0.0,0.098366,0.0,0.0,0.0,0.0
85.150625,0.0,0.0,0.098366,0.0,0.0,0.0,0.0
85.200625,0.0,0.0,0.098366,0.0,0.0,0.0,0.0
85.250625,0.0,0.0,0.098366,0.0,0.0,0.0,0.0
85.300625,0.0,0.0,0.098366,0.0,0.0,0.0,0.0
85.350625,0.0,0.0,0.098366,0.0,0.0,0.0,0.0
85.400625,0.0,0.0,0.098366,0.0,0.0,0.0,0.0
85.450625,0.0,0.0,0.098366,0.0,0.0,0.0,0.0
85.500625,0.0,0.0,0.098366,0.0,0.0,0.0,0.0
85.550625,0.0,0.0,0.098366,0.0,0.0,0.0,0.0
85.600625,0.0,0.0,0.098366,0.0,0.0,0.0,0.0
85.650625,0.0,0.0,0.098366,0.0,0.0,0.0,0.0
85.700625,0.0,0.0,0.098366,0.0,0.0,0.0,0.0
85.750625,0.0,0.0,0.098366,0.0,0.0,0.0,0.0
85.800625,0.0,0.0,0.098366,0.0,0.0,0.0,0.0
85.850625,0.0,0.0,0.098366,0.0,0.0,0.0,0.0
85.900625,0.0,0.0,0.098366,0.0,0.0,0.0,0.0
85.950625,0.0,0.0,0.098366,0.0,0.0,0.0,0.0
86.000625,0.0,0.0,0.098366,0.0,0.0,0.0,0.0
86.050625,0.0,0.0,0.098366,0.0,0.0,0.0,0.0
86.100625,0.0,0.0,0.098366,0.0,0.0,0.0,0.0
86.150625,0.0,0.0,0.098366,0.0,0.0,0.0,0.0
86.200625,0.0,0.0,0.098366,0.0,0.0,0.0,0.0
86.250625,0.0,0.0,0.098366,0.0,0.0,0.0,0.0
86.300625,0.0,0.0,0.098366,0.0,0.0,0.0,0.0
86.350625,0.0,0.0,0.098366,0.0,0.0,0.0,0.0
86.400625,0.0,0.0,0.098366,0.0,0.0,0.0,0.0
86.450625,0.0,0.0,0.098366,0.0,0.0,0.0,0.0
86.500625,0.0,0.0,0.098366,0.0,0.0,0.0,0.0
86.550625,0.0,0.0,0.098366,0.0,0.0,0.0,0.0
86.600625,0.0,0.0,0.098366,0.0,0.0,0.0,0.0
86.650625,0.0,0.0,0.098366,0.0,0.0,0.0,0.0
86.700625,0.0,0.0,0.098366,0.0,0.0,0.0,0.0
86.750625,0.0,0.0,0.098366,0.0,0.0,0.0,0.0
86.800625,0.0,0.0,0.098366,0.0,0.0,0.0,0.0
86.850625,0.0,0.0,0.098366,0.0,0.0,0.0,0.0
86.900625,0.0,0.0,0.098366,0.0,0.0,0.0,0.0
86.950625,0.0,0.0,0.098366,0.0,0.0,0.0,0.0
87.000625,0.0,0.0,0.098366,0.0,0.0,0.0,0.0
87.050625,0.0,0.0,0.098366,0.0,0.0,0.0,0.0
87.100625,0.0,0.0,0.098366,0.0,0.0,0.0,0.0
87.150625,0.0,0.0,0.098366,0.0,0.0,0.0,0.0
87.200625,0.0,0.0,0.098366,0.0,0.0,0.0,0.0
87.250625,0.0,0.0,0.098366,0.0,0.0,0.0,0.0
87.300625,0.0,0.0,0.098366,0.0,0.0,0.0,0.0
87.350625,0.0,0.0,0.098366,0.0,0.0,0.0,0.0
87.400625,0.0,0.0,0.098366,0.0,0.0,0.0,0.0
87.450625,0.0,0.0,0.098366,0.0,0.0,0.0,0.0
87.500625,0.0,0.0,0.098366,0.0,0.0,0.0,0.0
87.550625,0.0,0.0,0.098366,0.0,0.0,0.0,0.0
87.600625,0.0,0.0,0.098366,0.0,0.0,0.0,0.0
87.650625,0.0,0.0,0.098366,0.0,0.0,0.0,0.0
87.700625,0.0,0.0,0.098366,0.0,0.0,0.0,0.0
87.750625,0.0,0.0,0.098366,0.0,0.0,0.0,0.0
87.800625,0.0,0.0,0.098366,0.0,0.0,0.0,0.0
87.850625,0.0,0.0,0.098366,0.0,0.0,0.0,0.0
87.900625,0.0,0.0,0.098366,0.0,0.0,0.0,0.0
87.950625,0.0,0.0,0.098366,0.0,0.0,0.0,0.0
88.000625,0.0,0.0,0.098366,0.0,0.0,0.0,0.0
88.050625,0.0,0.0,0.098366,0.0,0.0,0.0,0.0
88.100625,0.0,0.0,0.098366,0.0,0.0,0.0,0.0
88.150625,0.0,0.0,0.098366,0.0,0.0,0.0,0.0
88.200625,0.0,0.0,0.098366,0.0,0.0,0.0,0.0
88.250625,0.0,0.0,0.098366,0.0,0.0,0.0,0.0
88.300625,0.0,0.0,0.098366,0.0,0.0,0.0,0.0
88.350625,0.0,0.0,0.098366,0.0,0.0,0.0,0.0
88.400625,0.0,0.0,0.098366,0.0,0.0,0.0,0.0
88.450625,0.0,0.0,0.098366,0.0,0.0,0.0,0.0
88.500625,0.0,0.0,0.098366,0.0,0.0,0.0,0.0
88.550625,0.0,0.0,0.098366,0.0,0.0,0.0,0.0
88.600625,0.0,0.0,0.098366,0.0,0.0,0.0,0.0
88.650625,0.0,0.0,0.098366,0.0,0.0,0.0,0.0
88.700625,0.0,0.0,0.098366,0.0,0.0,0.0,0.0
88.750625,0.0,0.0,0.098366,0.0,0.0,0.0,0.0
88.800625,0.0,0.0,0.098366,0.0,0.0,0.0,0.0
88.850625,0.0,0.0,0.098366,0.0,0.0,0.0,0.0
88.900625,0.0,0.0,0.098366,0.0,0.0,0.0,0.0
88.950625,0.0,0.0,0.098366,0.0,0.0,0.0,0.0
89.000625,0.0,0.0,0.098366,0.0,0.0,0.0,0.0
89.050625,0.0,0.0,0.098366,0.0,0.0,0.0,0.0
89.100625,0.0,0.0,0.098366,0.0,0.0,0.0,0.0
89.150625,0.0,0.0,0.098366,0.0,0.0,0.0,0.0
89.200625,0.0,0.0,0.098366,0.0,0.0,0.0,0.0
89.250625,0.0,0.0,0.098366,0.0,0.0,0.0,0.0
89.300625,0.0,0.0,0.098366,0.0,0.0,0.0,0.0
89.350625,0.0,0.0,0.098366,0.0,0.0,0.0,0.0
89.400625,0.0,0.0,0.098366,0.0,0.0,0.0,0.0
89.450625,0.0,0.0,0.098366,0.0,0.0,0.0,0.0
89.500625,0.0,0.0,0.098366,0.0,0.0,0.0,0.0
89.550625,0.0,0.0,0.098366,0.0,0.0,0.0,0.0
89.600625,0.0,0.0,0.098366,0.0,0.0,0.0,0.0
89.650625,0.0,0.0,0.098366,0.0,0.0,0.0,0.0
89.700625,0.0,0.0,0.098366,0.0,0.0,0.0,0.0
89.750625,0.0,0.0,0.098366,0.0,0.0,0.0,0.0
89.800625,0.0,0.0,0.098366,0.0,0.0,0.0,0.0
89.850625,0.0,0.0,0.098366,0.0,0.0,0.0,0.0
89.900625,0.0,0.0,0.098366,0.0,0.0,0.0,0.0
89.950625,0.0,0.0,0.098366,0.0,0.0,0.0,0.0
90.000625,0.0,0.0,0.098366,0.0,0.0,0.0,0.0
90.050625,0.0,0.0,0.098366,0.0,0.0,0.0,0.0
90.100625,0.0,0.0,0.098366,0.0,0.0,0.0,0.0
90.150625,0.0,0.0,0.098366,0.0,0.0,0.0,0.0
90.200625,0.0,0.0,0.098366,0.0,0.0,0.0,0.0
90.250625,0.0,0.0,0.098366,0.0,0.0,0.0,0.0
90.300625,0.0,0.0,0.098366,0.0,0.0,0.0,0.0
90.350625,0.0,0.0,0.098366,0.0,0.0,0.0,0.0
90.400625,0.0,0.0,0.098366,0.0,0.0,0.0,0.0
90.450625,0.0,0.0,0.098366,0.0,0.0,0.0,0.0
90.500625,0.0,0.0,0.098366,0.0,0.0,0.0,0.0
90.550625,0.0,0.0,0.098366,0.0,0.0,0.0,0.0
90.600625,0.0,0.0,0.098366,0.0,0.0,0.0,0.0
90.650625,0.0,0.0,0.098366,0.0,0.0,0.0,0.0
90.700625,0.0,0.0,0.098366,0.0,0.0,0.0,0.0
90.750625,0.0,0.0,0.098366,0.0,0.0,0.0,0.0
90.800625,0.0,0.0,0.098366,0.0,0.0,0.0,0.0
90.850625,0.0,0.0,0.098366,0.0,0.0,0.0,0.0
90.900625,0.0,0.0,0.098366,0.0,0.0,0.0,0.0
90.950625,0.0,0.0,0.098366,0.0,0.0,0.0,0.0
91.000625,0.0,0.0,0.098366,0.0,0.0,0.0,0.0
91.050625,0.0,0.0,0.098366,0.0,0.0,0.0,0.0
91.100625,0.0,0.0,0.098366,0.0,0.0,0.0,0.0
91.150625,0.0,0.0,0.098366,0.0,0.0,0.0,0.0
91.200625,0.0,0.0,0.098366,0.0,0.0,0.0,0.0
91.250625,0.0,0.0,0.098366,0.0,0.0,0.0,0.0
91.300625,0.0,0.0,0.098366,0.0,0.0,0.0,0.0
91.350625,0.0,0.0,0.098366,0.0,0.0,0.0,0.0
91.400625,0.0,0.0,0.098366,0.0,0.0,0.0,0.0
91.450625,0.0,0.0,0.098366,0.0,0.0,0.0,0.0
91.500625,0.0,0.0,0.098366,0.0,0.0,0.0,0.0
91.550625,0.0,0.0,0.098366,0.0,0.0,0.0,0.0
91.600625,0.0,0.0,0.098366,0.0,0.0,0.0,0.0
91.650625,0.0,0.0,0.098366,0.0,0.0,0.0,0.0
91.700625,0.0,0.0,0.098366,0.0,0.0,0.0,0.0
91.750625,0.0,0.0,0.098366,0.0,0.0,0.0,0.0
91.800625,0.0,0.0,0.098366,0.0,0.0,0.0,0.0
91.850625,0.0,0.0,0.098366,0.0,0.0,0.0,0.0
91.900625,0.0,0.0,0.098366,0.0,0.0,0.0,0.0
91.950625,0.0,0.0,0.098366,0.0,0.0,0.0,0.0
92.000625,0.0,0.0,0.098366,0.0,0.0,0.0,0.0
92.050625,0.0,0.0,0.098366,0.0,0.0,0.0,0.0
92.100625,0.0,0.0,0.098366,0.0,0.0,0.0,0.0
92.150625,0.0,0.0,0.098366,0.0,0.0,0.0,0.0
92.200625,0.0,0.0,0.098366,0.0,0.0,0.0,0.0
92.250625,0.0,0.0,0.098366,0.0,0.0,0.0,0.0
92.300625,0.0,0.0,0.098366,0.0,0.0,0.0,0.0
92.350625,0.0,0.0,0.098366,0.0,0.0,0.0,0.0
92.400625,0.0,0.0,0.098366,0.0,0.0,0.0,0.0
92.450625,0.0,0.0,0.098366,0.0,0.0,0.0,0.0
92.500625,0.0,0.0,0.098366,0.0,0.0,0.0,0.0
92.550625,0.0,0.0,0.098366,0.0,0.0,0.0,0.0
92.600625,0.0,0.0,0.098366,0.0,0.0,0.0,0.0
92.650625,0.0,0.0,0.098366,0.0,0.0,0.0,0.0
92.700625,0.0,0.0,0.098366,0.0,0.0,0.0,0.0
92.750625,0.0,0.0,0.098366,0.0,0.0,0.0,0.0
92.800625,0.0,0.0,0.098366,0.0,0.0,0.0,0.0
92.850625,0.0,0.0,0.098366,0.0,0.0,0.0,0.0
92.900625,0.0,0.0,0.098366,0.0,0.0,0.0,0.0
92.950625,0.0,0.0,0.098366,0.0,0.0,0.0,0.0
93.000625,0.0,0.0,0.098366,0.0,0.0,0.0,0.0
93.050625,0.0,0.0,0.098366,0.0,0.0,0.0,0.0
93.100625,0.0,0.0,0.098366,0.0,0.0,0.0,2e-05
93.150625,0.0,0.0,0.098368,0.0,0.0,0.0,5e-05
93.200625,0.0,0.0,0.098371,0.0,0.0,0.0,8e-05
93.250625,0.0,0.0,0.098376,0.0,0.0,0.0,0.00011
93.300625,0.0,0.0,0.098382,0.0,0.0,0.0,0.00014
93.350625,0.0,0.0,0.09839,0.0,0.0,0.0,0.00017
93.400625,0.0,0.0,0.098396,0.0,0.0,0.0,8e-05
93.450625,0.0,0.0,0.098399,0.0,0.0,0.0,3e-05
93.500625,0.0,0.0,0.0984,0.0,0.0,0.0,1e-05
93.550625,0.0,0.0,0.0984,0.0,0.0,0.0,0.0
93.600625,0.0,0.0,0.0984,0.0,0.0,0.0,0.0
93.650625,0.0,0.0,0.0984,0.0,0.0,0.0,0.0
93.700625,0.0,0.0,0.0984,0.0,0.0,0.0,0.0
93.750625,0.0,0.0,0.0984,0.0,0.0,0.0,0.0
93.800625,0.0,0.0,0.0984,0.0,0.0,0.0,0.0
93.850625,0.0,0.0,0.0984,0.0,0.0,0.0,0.0
93.900625,0.0,0.0,0.0984,0.0,0.0,0.0,0.0
93.950625,0.0,0.0,0.0984,0.0,0.0,0.0,0.0
94.000625,0.0,0.0,0.0984,0.0,0.0,0.0,0.0
94.050625,0.0,0.0,0.0984,0.0,0.0,0.0,0.0
94.100625,0.0,0.0,0.0984,0.0,0.0,0.0,0.0
94.150625,0.0,0.0,0.0984,0.0,0.0,0.0,0.0
94.200625,0.0,0.0,0.0984,0.0,0.0,0.0,0.0
94.250625,0.0,0.0,0.0984,0.0,0.0,0.0,0.0
94.300625,0.0,0.0,0.0984,0.0,0.0,0.0,0.0
94.350625,0.0,0.0,0.0984,0.0,0.0,0.0,0.0
94.400625,0.0,0.0,0.0984,0.0,0.0,0.0,0.0
94.450625,0.0,0.0,0.0984,0.0,0.0,0.0,0.0
94.500625,0.0,0.0,0.0984,0.0,0.0,0.0,0.0
94.550625,0.0,0.0,0.0984,0.0,0.0,0.0,0.0
94.600625,0.0,0.0,0.0984,0.0,0.0,0.0,0.0
94.650625,0.0,0.0,0.0984,0.0,0.0,0.0,0.0
94.700625,0.0,0.0,0.0984,0.0,0.0,0.0,0.0
94.750625,0.0,0.0,0.0984,0.0,0.0,0.0,0.0
94.800625,0.0,0.0,0.0984,0.0,0.0,0.0,0.0
94.850625,0.0,0.0,0.0984,0.0,0.0,0.0,0.0
94.900625,0.0,0.0,0.0984,0.0,0.0,0.0,0.0
94.950625,0.0,0.0,0.0984,0.0,0.0,0.0,0.0
95.000625,0.0,0.0,0.0984,0.0,0.0,0.0,0.0
95.050625,0.0,0.0,0.0984,0.0,0.0,0.0,0.0
95.100625,0.0,0.0,0.0984,0.0,0.0,0.0,0.0
95.150625,0.0,0.0,0.0984,0.0,0.0,0.0,0.0
95.200625,0.0,0.0,0.0984,0.0,0.0,0.0,0.0
95.250625,0.0,0.0,0.0984,0.0,0.0,0.0,0.0
95.300625,0.0,0.0,0.0984,0.0,0.0,0.0,0.0
95.350625,0.0,0.0,0.0984,0.0,0.0,0.0,0.0
95.400625,0.0,0.0,0.0984,0.0,0.0,0.0,0.0
95.450625,0.0,0.0,0.0984,0.0,0.0,0.0,0.0
95.500625,0.0,0.0,0.0984,0.0,0.0,0.0,0.0
95.550625,0.0,0.0,0.0984,0.0,0.0,0.0,0.0
95.600625,0.0,0.0,0.0984,0.0,0.0,0.0,0.0
95.650625,0.0,0.0,0.0984,0.0,0.0,0.0,0.0
95.700625,0.0,0.0,0.0984,0.0,0.0,0.0,0.0
95.750625,0.0,0.0,0.0984,0.0,0.0,0.0,0.0
95.800625,0.0,0.0,0.0984,0.0,0.0,0.0,0.0
95.850625,0.0,0.0,0.0984,0.0,0.0,0.0,0.0
95.900625,0.0,0.0,0.0984,0.0,0.0,0.0,0.0
95.950625,0.0,0.0,0.0984,0.0,0.0,0.0,0.0
96.000625,0.0,0.0,0.0984,0.0,0.0,0.0,0.0
96.050625,0.0,0.0,0.0984,0.0,0.0,0.0,0.0
96.100625,0.0,0.0,0.0984,0.0,0.0,0.0,0.0
96.150625,0.0,0.0,0.0984,0.0,0.0,0.0,0.0
96.200625,0.0,0.0,0.0984,0.0,0.0,0.0,0.0
96.250625,0.0,0.0,0.0984,0.0,0.0,0.0,0.0
96.300625,0.0,0.0,0.0984,0.0,0.0,0.0,0.0
96.350625,0.0,0.0,0.0984,0.0,0.0,0.0,0.0
96.400625,0.0,0.0,0.0984,0.0,0.0,0.0,0.0
96.450625,0.0,0.0,0.0984,0.0,0.0,0.0,0.0
96.500625,0.0,0.0,0.0984,0.0,0.0,0.0,0.0
96.550625,0.0,0.0,0.0984,0.0,0.0,0.0,0.0
96.600625,0.0,0.0,0.0984,0.0,0.0,0.0,0.0
96.650625,0.0,0.0,0.0984,0.0,0.0,0.0,0.0
96.700625,0.0,0.0,0.0984,0.0,0.0,0.0,0.0
96.750625,0.0,0.0,0.0984,0.0,0.0,0.0,0.0
96.800625,0.0,0.0,0.0984,0.0,0.0,0.0,0.0
96.850625,0.0,0.0,0.0984,0.0,0.0,0.0,0.0
96.900625,0.0,0.0,0.0984,0.0,0.0,0.0,0.0
96.950625,0.0,0.0,0.0984,0.0,0.0,0.0,0.0
97.000625,0.0,0.0,0.0984,0.0,0.0,0.0,0.0
97.050625,0.0,0.0,0.0984,0.0,0.0,0.0,0.0
97.100625,0.0,0.0,0.0984,0.0,0.0,0.0,0.0
97.150625,0.0,0.0,0.0984,0.0,0.0,0.0,0.0
97.200625,0.0,0.0,0.0984,0.0,0.0,0.0,0.0
97.250625,0.0,0.0,0.0984,0.0,0.0,0.0,0.0
97.300625,0.0,0.0,0.0984,0.0,0.0,0.0,0.0
97.350625,0.0,0.0,0.0984,0.0,0.0,0.0,0.0
97.400625,0.0,0.0,0.0984,0.0,0.0,0.0,0.0
97.450625,0.0,0.0,0.0984,0.0,0.0,0.0,0.0
97.500625,0.0,0.0,0.0984,0.0,0.0,0.0,0.0
97.550625,0.0,0.0,0.0984,0.0,0.0,0.0,0.0
97.600625,0.0,0.0,0.0984,0.0,0.0,0.0,0.0
97.650625,0.0,0.0,0.0984,0.0,0.0,0.0,0.0
97.700625,0.0,0.0,0.0984,0.0,0.0,0.0,0.0
97.750625,0.0,0.0,0.0984,0.0,0.0,0.0,0.0
97.800625,0.0,0.0,0.0984,0.0,0.0,0.0,0.0
97.850625,0.0,0.0,0.0984,0.0,0.0,0.0,0.0
97.900625,0.0,0.0,0.0984,0.0,0.0,0.0,0.0
97.950625,0.0,0.0,0.0984,0.0,0.0,0.0,0.0
98.000625,0.0,0.0,0.0984,0.0,0.0,0.0,0.0
98.050625,0.0,0.0,0.0984,0.0,0.0,0.0,0.0
98.100625,0.0,0.0,0.0984,0.0,0.0,0.0,0.0
98.150625,0.0,0.0,0.0984,0.0,0.0,0.0,0.0
98.200625,0.0,0.0,0.0984,0.0,0.0,0.0,0.0
98.250625,0.0,0.0,0.0984,0.0,0.0,0.0,0.0
98.300625,0.0,0.0,0.0984,0.0,0.0,0.0,0.0
98.350625,0.0,0.0,0.0984,0.0,0.0,0.0,0.0
98.400625,0.0,0.0,0.0984,0.0,0.0,0.0,0.0
98.450625,0.0,0.0,0.0984,0.0,0.0,0.0,0.0
98.500625,0.0,0.0,0.0984,0.0,0.0,0.0,0.0
98.550625,0.0,0.0,0.0984,0.0,0.0,0.0,0.0
98.600625,0.0,0.0,0.0984,0.0,0.0,0.0,0.0
98.650625,0.0,0.0,0.0984,0.0,0.0,0.0,0.0
98.700625,0.0,0.0,0.0984,0.0,0.0,0.0,0.0
98.750625,0.0,0.0,0.0984,0.0,0.0,0.0,0.0
98.800625,0.0,0.0,0.0984,0.0,0.0,0.0,0.0
98.850625,0.0,0.0,0.0984,0.0,0.0,0.0,0.0
98.900625,0.0,0.0,0.0984,0.0,0.0,0.0,0.0
98.950625,0.0,0.0,0.0984,0.0,0.0,0.0,0.0
99.000625,0.0,0.0,0.0984,0.0,0.0,0.0,0.0
99.050625,0.0,0.0,0.0984,0.0,0.0,0.0,0.0
99.100625,0.0,0.0,0.0984,0.0,0.0,0.0,0.0
99.150625,0.0,0.0,0.0984,0.0,0.0,0.0,0.0
99.200625,0.0,0.0,0.0984,0.0,0.0,0.0,0.0
99.250625,0.0,0.0,0.0984,0.0,0.0,0.0,0.0
99.300625,0.0,0.0,0.0984,0.0,0.0,0.0,0.0
99.350625,0.0,0.0,0.0984,0.0,0.0,0.0,0.0
99.400625,0.0,0.0,0.0984,0.0,0.0,0.0,0.0
99.450625,0.0,0.0,0.0984,0.0,0.0,0.0,0.0
99.500625,0.0,0.0,0.0984,0.0,0.0,0.0,0.0
99.550625,0.0,0.0,0.0984,0.0,0.0,0.0,0.0
99.600625,0.0,0.0,0.0984,0.0,0.0,0.0,0.0
99.650625,0.0,0.0,0.0984,0.0,0.0,0.0,0.0
99.700625,0.0,0.0,0.0984,0.0,0.0,0.0,0.0
99.750625,0.0,0.0,0.0984,0.0,0.0,0.0,0.0
99.800625,0.0,0.0,0.0984,0.0,0.0,0.0,0.0
99.850625,0.0,0.0,0.0984,0.0,0.0,0.0,0.0
99.900625,0.0,0.0,0.0984,0.0,0.0,0.0,0.0
99.950625,0.0,0.0,0.0984,0.0,0.0,0.0,0.0
100.000625,0.0,0.0,0.0984,0.0,0.0,0.0,0.0
100.050625,0.0,0.0,0.098402,0.0,0.0,0.0,0.0001
100.100625,0.0,0.0,0.098409,0.0,0.0,0.0,0.00019
100.150625,0.0,0.0,0.09842,0.0,0.0,0.0,0.00024
100.200625,0.0,0.0,0.098434,-2e-06,2e-06,0.0,0.00038
100.250625,1e-06,1e-06,0.098467,-1e-05,9e-06,0.0,0.00093
100.300625,1e-06,1e-06,0.098522,-1.4e-05,1.3e-05,0.0,0.00121
100.350625,1e-06,2e-06,0.098585,-1.6e-05,1.5e-05,0.0,0.00133
100.400625,2e-06,2e-06,0.098653,-1.7e-05,1.6e-05,1e-06,0.00139
100.450625,2e-06,2e-06,0.098724,-1.8e-05,1.7e-05,1e-06,0.00143
100.500625,2e-06,2e-06,0.098796,-1.8e-05,1.7e-05,1e-06,0.00146
100.550625,2e-06,2e-06,0.098869,-1.8e-05,1.7e-05,1e-06,0.00147
100.600625,2e-06,2e-06,0.098943,-1.8e-05,1.7e-05,1e-06,0.00149
100.650625,2e-06,2e-06,0.099018,-1.9e-05,1.7e-05,1e-06,0.0015
100.700625,2e-06,2e-06,0.099093,-1.9e-05,1.7e-05,2e-06,0.00151
100.750625,2e-06,2e-06,0.099169,-1.9e-05,1.7e-05,2e-06,0.00152
100.800625,2e-06,3e-06,0.099246,-1.9e-05,1.7e-05,2e-06,0.00153
100.850625,2e-06,3e-06,0.099322,-1.9e-05,1.7e-05,3e-06,0.00154
100.900625,2e-06,3e-06,0.099399,-1.8e-05,1.7e-05,1e-06,0.00155
100.950625,3e-06,3e-06,0.099477,-1.9e-05,1.7e-05,1e-06,0.00155
101.000625,3e-06,3e-06,0.099555,-1.9e-05,1.7e-05,1e-06,0.00156
101.050625,3e-06,3e-06,0.099632,-1.9e-05,1.7e-05,2e-06,0.00156
101.100625,3e-06,3e-06,0.099711,-1.9e-05,1.7e-05,2e-06,0.00156
101.150625,3e-06,3e-06,0.099789,-1.9e-05,1.8e-05,2e-06,0.00157
101.200625,3e-06,4e-06,0.099867,-1.9e-05,1.8e-05,3e-06,0.00157
101.250625,4e-06,4e-06,0.099953,-4.3e-05,4.1e-05,3e-06,0.00283
101.300625,1.7e-05,1.7e-05,0.10048,-0.000384,0.000357,5e-06,0.02219
101.350625,4e-05,4.2e-05,0.102474,-0.000938,0.00086,7e-06,0.05838
101.400625,8.7e-05,9.2e-05,0.106319,-0.002015,0.001912,1.3e-05,0.09555
101.450625,0.000185,0.000196,0.112082,-0.003331,0.003184,2e-05,0.13581
101.500625,0.000367,0.000388,0.119954,-0.004539,0.004369,2.8e-05,0.17964
101.550625,0.000665,0.000701,0.130061,-0.005457,0.00527,3.7e-05,0.22522
101.600625,0.001103,0.001157,0.14247,-0.006033,0.005839,5e-05,0.27197
101.650625,0.001694,0.001774,0.157232,-0.006144,0.005965,6.7e-05,0.31962
101.700625,0.002444,0.002552,0.17439,-0.005834,0.005695,8.6e-05,0.36819
101.750625,0.003344,0.003485,0.193991,-0.005227,0.005085,0.000106,0.41768
101.800625,0.004378,0.004556,0.216074,-0.004455,0.004316,0.000128,0.46775
101.850625,0.005525,0.005742,0.240672,-0.003508,0.003435,0.000149,0.5184
101.900625,0.006761,0.00702,0.26781,-0.002516,0.002464,0.000172,0.56964
101.950625,0.00806,0.008361,0.297523,-0.001537,0.001465,0.000193,0.62118
102.000625,0.009394,0.009739,0.329821,-0.000723,0.00066,0.000218,0.67318
102.050625,0.010741,0.011132,0.364733,5e-06,-3.1e-05,0.000244,0.7254
102.100625,0.012083,0.012519,0.402256,0.000647,-0.000625,0.00027,0.77764
102.150625,0.013403,0.013884,0.442414,0.001142,-0.001031,0.000295,0.83048
102.200625,0.014691,0.015212,0.485214,0.001602,-0.001402,0.00032,0.88304
102.250625,0.015935,0.016491,0.530639,0.002007,-0.001755,0.000345,0.93544
102.300625,0.017127,0.017711,0.578706,0.00219,-0.002046,0.000366,0.98849
102.350625,0.018258,0.018866,0.629427,0.002333,-0.002311,0.000387,1.0413
102.400625,0.019322,0.019952,0.682769,0.00241,-0.002467,0.000404,1.09282
102.450625,0.020315,0.020968,0.738596,0.00247,-0.002537,0.000417,1.13995
102.500625,0.021236,0.021913,0.796602,0.002547,-0.002606,0.000426,1.17943
102.550625,0.022084,0.022786,0.856348,0.00258,-0.002628,0.000432,1.20913
102.600625,0.022861,0.023589,0.917309,0.002572,-0.002606,0.000434,1.22777
102.650625,0.023568,0.024323,0.978906,0.002551,-0.002592,0.000434,1.23438
102.700625,0.024209,0.024991,1.040517,0.002537,-0.002589,0.000431,1.22815
102.750625,0.024785,0.025594,1.101485,0.002465,-0.002528,0.000422,1.20848
102.800625,0.025299,0.026137,1.161129,0.002379,-0.002446,0.00041,1.17542
102.850625,0.025755,0.026623,1.218849,0.002327,-0.002401,0.000396,1.13209
102.900625,0.026156,0.027055,1.274212,0.002309,-0.002377,0.000383,1.08154
102.950625,0.026503,0.027435,1.326905,0.002308,-0.002361,0.000369,1.02544
103.000625,0.026797,0.027762,1.376674,0.002328,-0.002365,0.000355,0.96466
103.050625,0.027039,0.028038,1.423301,0.002395,-0.002403,0.000342,0.8999
103.100625,0.027229,0.028261,1.466607,0.002496,-0.002447,0.000329,0.83188
103.150625,0.027367,0.028431,1.506447,0.002582,-0.00248,0.000318,0.76136
103.200625,0.027452,0.028545,1.542712,0.00265,-0.002488,0.000307,0.68899
103.250625,0.027484,0.028604,1.575325,0.002711,-0.00249,0.000298,0.61538
103.300625,0.027464,0.028606,1.604242,0.002771,-0.002474,0.00029,0.54112
103.350625,0.027393,0.02855,1.629432,0.002827,-0.002428,0.000283,0.46654
103.400625,0.027272,0.028435,1.650902,0.002874,-0.002375,0.000277,0.39241
103.450625,0.027101,0.028261,1.668698,0.002817,-0.002283,0.000274,0.31972
103.500625,0.026884,0.028029,1.682881,0.002749,-0.002195,0.000272,0.24798
103.550625,0.026621,0.027739,1.693512,0.002708,-0.002115,0.000272,0.17785
103.600625,0.026314,0.027394,1.700676,0.002655,-0.002023,0.000275,0.10968
103.650625,0.025966,0.026994,1.704465,0.002601,-0.001931,0.000279,0.04415
103.700625,0.025578,0.026539,1.704981,0.00252,-0.001815,0.000285,0.02479
103.750625,0.025152,0.026032,1.702437,0.002392,-0.001671,0.000294,0.08027
103.800625,0.024691,0.025475,1.697233,0.002256,-0.001528,0.000304,0.12823
103.850625,0.024197,0.024869,1.689881,0.002131,-0.001397,0.000318,0.16577
103.900625,0.023673,0.024216,1.680893,0.002005,-0.001274,0.000332,0.19401
103.950625,0.023121,0.023519,1.670665,0.001829,-0.001134,0.000348,0.21568
104.000625,0.022545,0.022781,1.659492,0.001636,-0.000975,0.000365,0.23196
104.050625,0.021947,0.022007,1.64763,0.00145,-0.000834,0.000382,0.24331
104.100625,0.021331,0.021201,1.635319,0.001271,-0.00068,0.0004,0.25005
104.150625,0.0207,0.020366,1.622784,0.00105,-0.000495,0.000417,0.25235
104.200625,0.02006,0.019509,1.610239,0.000825,-0.000312,0.000435,0.25068
104.250625,0.019414,0.018634,1.597866,0.000631,-0.000169,0.000452,0.24565
104.300625,0.018766,0.017747,1.58582,0.000437,-1.3e-05,0.000468,0.23781
104.350625,0.018119,0.016851,1.574228,0.000249,0.000135,0.000485,0.22761
104.400625,0.017478,0.015952,1.563196,7.3e-05,0.000259,0.0005,0.21556
104.450625,0.016846,0.015054,1.552806,-6.3e-05,0.000355,0.000516,0.20209
104.500625,0.016224,0.014161,1.543123,-0.000147,0.000382,0.000532,0.18766
104.550625,0.015614,0.013274,1.534186,-0.000292,0.000494,0.000546,0.17221
104.600625,0.015018,0.012398,1.526038,-0.000461,0.000637,0.000559,0.15647
104.650625,0.014441,0.011536,1.51868,-0.000623,0.000775,0.000572,0.14079
104.700625,0.013885,0.010692,1.512108,-0.000779,0.000907,0.000585,0.12519
104.750625,0.013353,0.009871,1.506319,-0.000926,0.001032,0.000597,0.10969
104.800625,0.012849,0.009076,1.501301,-0.000967,0.001045,0.000605,0.09465
104.850625,0.012372,0.008307,1.497017,-0.000888,0.000898,0.000606,0.08061
104.900625,0.01192,0.007563,1.493434,-0.000808,0.000745,0.000607,0.06696
104.950625,0.011488,0.006841,1.490523,-0.000793,0.000721,0.000605,0.05446
105.000625,0.011075,0.006142,1.488237,-0.000808,0.000734,0.000603,0.0428
105.050625,0.010682,0.005466,1.48653,-0.000874,0.000739,0.000602,0.03251
105.100625,0.010308,0.004813,1.485354,-0.000909,0.000708,0.000603,0.02373
105.150625,0.009954,0.004185,1.484655,-0.000947,0.000681,0.000604,0.01707
105.200625,0.009617,0.003582,1.484377,-0.001055,0.000726,0.000605,0.01357
105.250625,0.009299,0.003008,1.484468,-0.001086,0.000677,0.000606,0.01379
105.300625,0.008999,0.002462,1.484877,-0.001131,0.000649,0.000605,0.01638
105.350625,0.008716,0.001945,1.485554,-0.001228,0.000691,0.000605,0.01967
105.400625,0.008451,0.001461,1.486461,-0.001291,0.000667,0.000605,0.0227
105.450625,0.008203,0.00101,1.48755,-0.00133,0.000609,0.000606,0.02547
105.500625,0.007971,0.000593,1.488785,-0.001374,0.000625,0.000609,0.02738
105.550625,0.007755,0.000211,1.490126,-0.001422,0.000659,0.000612,0.02907
105.600625,0.007555,-0.000135,1.491553,-0.001441,0.000632,0.000617,0.03001
105.650625,0.007372,-0.000444,1.493021,-0.001431,0.000557,0.000622,0.03042
105.700625,0.007203,-0.000718,1.494518,-0.00142,0.000483,0.000628,0.03083
105.750625,0.007046,-0.000956,1.496032,-0.001307,0.000409,0.000635,0.03065
105.800625,0.0069,-0.001161,1.49753,-0.001213,0.000374,0.000647,0.03008
105.850625,0.006763,-0.001336,1.498999,-0.001074,0.000265,0.000669,0.02941
105.900625,0.006633,-0.001484,1.500443,-0.000948,0.000166,0.000703,0.02887
105.950625,0.006508,-0.001609,1.501862,-0.000875,0.000119,0.000751,0.02832
106.000625,0.006386,-0.001711,1.503251,-0.00078,5e-05,0.000807,0.02759
106.050625,0.006265,-0.001795,1.504602,-0.00073,-2e-06,0.000866,0.02681
106.100625,0.006145,-0.00186,1.505921,-0.000672,-3.5e-05,0.000917,0.02623
106.150625,0.006024,-0.001908,1.507211,-0.000657,-0.000108,0.000957,0.02566
106.200625,0.005901,-0.00194,1.508473,-0.000619,-0.000153,0.000985,0.02509
106.250625,0.005775,-0.001958,1.509709,-0.00058,-0.000194,0.001002,0.02462
106.300625,0.005644,-0.00196,1.510926,-0.00061,-0.00024,0.001003,0.02445
106.350625,0.005508,-0.001948,1.512149,-0.000598,-0.000232,0.000997,0.02482
106.400625,0.005366,-0.001921,1.513395,-0.000612,-0.000187,0.000986,0.02539
106.450625,0.00522,-0.001879,1.514671,-0.000629,-0.000139,0.000975,0.026
106.500625,0.005072,-0.001822,1.515977,-0.000646,-9.3e-05,0.000965,0.0266
106.550625,0.004921,-0.001749,1.517312,-0.000662,-4.9e-05,0.000954,0.02721
106.600625,0.00477,-0.001661,1.518676,-0.000678,-7e-06,0.000944,0.02781
106.650625,0.004619,-0.001556,1.520072,-0.000643,-1.9e-05,0.000936,0.02856
106.700625,0.004467,-0.001435,1.521503,-0.000546,-0.00012,0.000932,0.02919
106.750625,0.004314,-0.001302,1.522964,-0.00045,-0.000227,0.000927,0.02979
106.800625,0.004155,-0.001158,1.524453,-0.000358,-0.00033,0.000923,0.03039
106.850625,0.003988,-0.001005,1.525971,-0.000271,-0.000427,0.000919,0.03099
106.900625,0.003812,-0.000847,1.527517,-0.000187,-0.000521,0.000915,0.03159
106.950625,0.003623,-0.000684,1.529091,-0.00012,-0.000597,0.00091,0.03212
107.000625,0.00342,-0.000519,1.530684,-0.000188,-0.000603,0.000903,0.03235
107.050625,0.003204,-0.00035,1.532273,-0.000201,-0.000594,0.000896,0.03205
107.100625,0.002973,-0.000176,1.53384,-0.000267,-0.000544,0.000892,0.0316
107.150625,0.00273,4e-06,1.535372,-0.000358,-0.000532,0.000893,0.03086
107.200625,0.002474,0.000192,1.536863,-0.000442,-0.000527,0.000894,0.0301
107.250625,0.002207,0.00039,1.538311,-0.000523,-0.000523,0.000894,0.02934
107.300625,0.001927,0.0006,1.539717,-0.000599,-0.000519,0.000895,0.02861
107.350625,0.001636,0.000825,1.54108,-0.000664,-0.000507,0.000896,0.02784
107.400625,0.001333,0.001064,1.54239,-0.000614,-0.000413,0.000904,0.02667
107.450625,0.001021,0.001318,1.543612,-0.000528,-0.000384,0.000914,0.02478
107.500625,0.000701,0.001584,1.544728,-0.000444,-0.000321,0.000925,0.02283
107.550625,0.000373,0.00186,1.545732,-0.000373,-0.000247,0.000935,0.02086
107.600625,4.1e-05,0.002144,1.546626,-0.000305,-0.000175,0.000946,0.01894
107.650625,-0.000294,0.002435,1.547408,-0.000241,-0.000107,0.000956,0.01707
107.700625,-0.000632,0.002731,1.548081,-0.000179,-4.2e-05,0.000967,0.01528
107.750625,-0.000969,0.00303,1.548644,-0.00012,2.1e-05,0.000977,0.01359
107.800625,-0.001304,0.003331,1.549097,-6.4e-05,8e-05,0.000987,0.01204
107.850625,-0.001637,0.003633,1.549443,-1.8e-05,0.000135,0.000997,0.01072
107.900625,-0.001966,0.003935,1.549709,-8e-05,0.000172,0.001008,0.01012
107.950625,-0.002289,0.004237,1.549932,-0.000126,0.000236,0.001021,0.00972
108.000625,-0.002605,0.004542,1.550117,-0.000168,0.000301,0.001034,0.00937
108.050625,-0.002913,0.004851,1.550269,-0.000177,0.000368,0.001047,0.00911
108.100625,-0.003212,0.005162,1.550404,-9.6e-05,0.000467,0.001061,0.00895
108.150625,-0.003498,0.005474,1.55053,-4.7e-05,0.000581,0.001075,0.00872
108.200625,-0.003768,0.005787,1.550639,-1.2e-05,0.0007,0.001091,0.00839
108.250625,-0.004021,0.0061,1.550725,2e-06,0.000785,0.001113,0.00805
108.300625,-0.004254,0.006411,1.550789,6.3e-05,0.000815,0.001147,0.00771
108.350625,-0.004467,0.00672,1.550825,5.6e-05,0.00091,0.001186,0.00736
108.400625,-0.004656,0.007026,1.550829,8.5e-05,0.000991,0.001225,0.00706
108.450625,-0.004821,0.00733,1.55083,0.00011,0.00105,0.001263,0.00676
108.500625,-0.00496,0.00763,1.550858,5.2e-05,0.00113,0.001299,0.00654
108.550625,-0.00507,0.007928,1.55092,-3e-06,0.001203,0.001333,0.00645
108.600625,-0.00515,0.008225,1.551018,-5.5e-05,0.001273,0.001367,0.00651
108.650625,-0.0052,0.008523,1.551151,-8.4e-05,0.001318,0.001402,0.00676
108.700625,-0.005216,0.008822,1.551338,-1.2e-05,0.001299,0.001437,0.00748
108.750625,-0.005202,0.00912,1.551603,6.3e-05,0.001235,0.00146,0.00853
108.800625,-0.005156,0.009416,1.551944,0.000121,0.001182,0.001472,0.00964
108.850625,-0.005082,0.009708,1.552357,0.000185,0.00103,0.001479,0.01084
108.900625,-0.004983,0.009994,1.552849,0.000266,0.000869,0.001479,0.01233
108.950625,-0.004863,0.010273,1.553432,0.000239,0.000778,0.001472,0.01402
109.000625,-0.004724,0.010546,1.554114,0.00022,0.000684,0.001462,0.01591
109.050625,-0.004568,0.010812,1.5549,0.000203,0.000593,0.001452,0.01785
109.100625,-0.004399,0.011073,1.555788,0.000187,0.000505,0.001442,0.01981
109.150625,-0.004217,0.011328,1.556779,0.000171,0.000422,0.001432,0.02177
109.200625,-0.004026,0.011579,1.557872,0.000156,0.000342,0.001422,0.02373
109.250625,-0.003827,0.011825,1.559062,0.000166,0.000289,0.001411,0.02532
109.300625,-0.003621,0.012065,1.560311,0.000221,0.000294,0.001405,0.02617
109.350625,-0.003408,0.0123,1.561596,0.000224,0.000337,0.0014,0.02677
109.400625,-0.003188,0.012529,1.562912,0.000222,0.00038,0.001396,0.02735
109.450625,-0.002959,0.012751,1.564257,0.000221,0.000422,0.001392,0.02793
109.500625,-0.002721,0.012968,1.565622,0.000203,0.00035,0.001389,0.02807
109.550625,-0.002475,0.013178,1.566981,0.000171,0.000307,0.001389,0.02768
109.600625,-0.002222,0.013384,1.568307,0.00015,0.000324,0.001389,0.02696
109.650625,-0.001962,0.013586,1.569597,0.000218,0.000257,0.001394,0.02626
109.700625,-0.001696,0.013781,1.570848,0.000309,0.000166,0.0014,0.02546
109.750625,-0.001427,0.013969,1.572057,0.000397,7.9e-05,0.001407,0.02464
109.800625,-0.001157,0.014146,1.573224,0.000481,-5e-06,0.001413,0.02382
109.850625,-0.000888,0.014311,1.574351,0.000562,-8.5e-05,0.001419,0.02299
109.900625,-0.000622,0.014462,1.575437,0.000638,-0.000161,0.001425,0.02214
109.950625,-0.000361,0.014596,1.576478,0.000633,-0.000207,0.00143,0.02105
110.000625,-0.000105,0.014715,1.577464,0.000547,-0.000186,0.001435,0.01998
110.050625,0.000146,0.014821,1.578394,0.000415,-0.000139,0.001446,0.01861
110.100625,0.000394,0.014917,1.5792,-0.000412,0.000745,0.001467,0.01466
110.150625,0.000661,0.015025,1.57965,-0.002087,0.002601,0.001504,0.00702
110.200625,0.00099,0.015182,1.579358,-0.003979,0.004698,0.001553,0.01843
110.250625,0.001426,0.015431,1.577843,-0.005642,0.006546,0.001612,0.04735
110.300625,0.002008,0.015807,1.574632,-0.006871,0.007874,0.00168,0.08521
110.350625,0.002764,0.016336,1.569416,-0.007549,0.008617,0.001755,0.12683
110.400625,0.00371,0.017031,1.562163,-0.007725,0.008745,0.001837,0.16626
110.450625,0.004849,0.017899,1.553094,-0.007385,0.008243,0.001926,0.19993
110.500625,0.006172,0.018933,1.542537,-0.006681,0.007319,0.002018,0.22632
110.550625,0.007661,0.020119,1.530892,-0.005763,0.006142,0.00211,0.24415
110.600625,0.009292,0.021439,1.518619,-0.004748,0.004895,0.002201,0.25211
110.650625,0.011035,0.02287,1.506245,-0.003737,0.003666,0.002285,0.24915
110.700625,0.012865,0.02439,1.49434,-0.002817,0.002552,0.002364,0.23458
110.750625,0.014753,0.025977,1.483424,-0.00204,0.00164,0.002435,0.21251
110.800625,0.016678,0.027612,1.473699,-0.0015,0.00102,0.002495,0.18957
110.850625,0.018624,0.02928,1.465147,-0.001081,0.000577,0.002546,0.16787
110.900625,0.020578,0.03097,1.4577,-0.00081,0.000272,0.002591,0.14771
110.950625,0.022533,0.032677,1.45129,-0.000668,0.000117,0.002629,0.12914
111.000625,0.024486,0.034395,1.445857,-0.000651,0.000162,0.002659,0.11214
111.050625,0.026437,0.036124,1.441338,-0.000743,0.000343,0.002681,0.09698
111.100625,0.02839,0.037868,1.437667,-0.000926,0.000609,0.002697,0.08387
111.150625,0.030353,0.039629,1.434778,-0.001199,0.000993,0.002708,0.07318
111.200625,0.032336,0.041415,1.4326,-0.001529,0.00145,0.002715,0.06524
111.250625,0.034348,0.043235,1.431062,-0.001881,0.00188,0.002715,0.06013
111.300625,0.036401,0.045096,1.430099,-0.002224,0.002336,0.002711,0.05782
111.350625,0.038506,0.047007,1.429639,-0.002576,0.002706,0.002702,0.05784
111.400625,0.040672,0.048976,1.42962,-0.002969,0.003156,0.002687,0.0596
111.450625,0.04291,0.051014,1.429984,-0.003273,0.003535,0.002668,0.06251
111.500625,0.045228,0.053126,1.430676,-0.003553,0.003872,0.002647,0.06605
111.550625,0.047635,0.05532,1.43164,-0.003899,0.004215,0.002623,0.06987
111.600625,0.050138,0.057605,1.432822,-0.004229,0.004554,0.002597,0.0737
111.650625,0.052745,0.059986,1.434176,-0.004528,0.004851,0.002569,0.07752
111.700625,0.055464,0.062472,1.435649,-0.004799,0.005084,0.00254,0.08119
111.750625,0.058298,0.065069,1.437222,-0.005076,0.005324,0.002511,0.08492
111.800625,0.061255,0.067782,1.438858,-0.00542,0.005654,0.002479,0.08843
111.850625,0.064341,0.07062,1.440524,-0.005763,0.005988,0.002448,0.09207
111.900625,0.067563,0.073591,1.442206,-0.006047,0.006233,0.002417,0.09566
111.950625,0.070928,0.076701,1.443857,-0.006282,0.006407,0.002388,0.09917
112.000625,0.074438,0.079955,1.445458,-0.006537,0.006645,0.00236,0.10268
112.050625,0.0781,0.083359,1.446967,-0.00681,0.006965,0.002336,0.10623
112.100625,0.081919,0.086918,1.448364,-0.00706,0.007253,0.002314,0.10999
112.150625,0.085903,0.090639,1.449627,-0.007405,0.007509,0.002301,0.11386
112.200625,0.090056,0.094529,1.450723,-0.007732,0.007722,0.0023,0.11799
112.250625,0.094384,0.098595,1.451648,-0.00804,0.007936,0.002309,0.12247
112.300625,0.098891,0.102844,1.452414,-0.008282,0.008164,0.002329,0.12724
112.350625,0.103582,0.107281,1.453033,-0.008465,0.008454,0.002356,0.13229
112.400625,0.108464,0.111911,1.453512,-0.008699,0.008694,0.002388,0.13757
112.450625,0.113542,0.116738,1.453846,-0.008782,0.008872,0.002424,0.14302
112.500625,0.118819,0.121764,1.454038,-0.008872,0.009079,0.002464,0.14863
112.550625,0.1243,0.126991,1.454102,-0.008991,0.009242,0.002509,0.15437
112.600625,0.129989,0.132421,1.45405,-0.009068,0.009447,0.002558,0.16023
112.650625,0.135889,0.138055,1.453889,-0.009135,0.00965,0.002606,0.16619
112.700625,0.142005,0.143894,1.453619,-0.009199,0.009843,0.002654,0.17225
112.750625,0.148342,0.14994,1.453242,-0.00926,0.010028,0.002701,0.1784
112.800625,0.154902,0.156192,1.452759,-0.00934,0.010175,0.002747,0.18462
112.850625,0.161688,0.162653,1.452193,-0.009347,0.010163,0.002791,0.19085
112.900625,0.168701,0.169322,1.451565,-0.009355,0.010155,0.002829,0.19704
112.950625,0.175939,0.176198,1.450896,-0.009352,0.010094,0.002865,0.20318
113.000625,0.183399,0.183281,1.450192,-0.009348,0.010034,0.002901,0.20928
113.050625,0.191081,0.190571,1.449453,-0.009344,0.009976,0.002936,0.21533
113.100625,0.198981,0.198066,1.448684,-0.009278,0.009905,0.002972,0.22132
113.150625,0.207097,0.205764,1.447904,-0.009177,0.009829,0.002995,0.2272
113.200625,0.215428,0.213663,1.447141,-0.0091,0.009732,0.003007,0.23298
113.250625,0.22397,0.221759,1.44641,-0.008982,0.009592,0.003017,0.23866
113.300625,0.232718,0.230049,1.445716,-0.008863,0.009458,0.003025,0.24423
113.350625,0.24167,0.23853,1.445057,-0.008733,0.009347,0.003035,0.24971
113.400625,0.250821,0.247198,1.444435,-0.008602,0.009248,0.003044,0.25508
113.450625,0.260169,0.256049,1.443856,-0.008351,0.009278,0.003046,0.26036
113.500625,0.269714,0.265075,1.443323,-0.007967,0.009361,0.003044,0.26554
113.550625,0.279457,0.274267,1.442847,-0.007473,0.009444,0.003035,0.27058
113.600625,0.2894,0.283613,1.442444,-0.006921,0.009515,0.003019,0.27546
113.650625,0.299544,0.293099,1.442122,-0.006343,0.009496,0.003001,0.28016
113.700625,0.309887,0.302709,1.441881,-0.005824,0.009459,0.002984,0.28465
113.750625,0.320429,0.312431,1.441728,-0.005285,0.009413,0.002969,0.28895
113.800625,0.331167,0.322251,1.441675,-0.004771,0.009411,0.002952,0.29308
113.850625,0.342101,0.332156,1.441725,-0.004271,0.009402,0.002934,0.29704
113.900625,0.35323,0.342133,1.44188,-0.003791,0.009391,0.002916,0.30085
113.950625,0.364554,0.352171,1.442139,-0.003332,0.009378,0.002899,0.3045
114.000625,0.37607,0.362258,1.442509,-0.002786,0.00926,0.002887,0.308
114.050625,0.387776,0.372379,1.442991,-0.002108,0.008991,0.002884,0.31125
114.100625,0.399665,0.382519,1.443597,-0.001387,0.008727,0.002894,0.31419
114.150625,0.411729,0.392659,1.44434,-0.000673,0.008459,0.002911,0.31684
114.200625,0.423962,0.402781,1.445214,4.7e-05,0.008278,0.002933,0.3192
114.250625,0.436359,0.412869,1.446199,0.000829,0.008056,0.002959,0.32125
114.300625,0.448912,0.422904,1.447285,0.001583,0.007839,0.002985,0.32301
114.350625,0.461617,0.432865,1.448471,0.002303,0.007631,0.00301,0.32449
114.400625,0.474468,0.442737,1.449757,0.002991,0.007432,0.003036,0.32572
114.450625,0.48746,0.452503,1.451134,0.003748,0.00724,0.00306,0.32667
114.500625,0.500587,0.462144,1.452572,0.004588,0.007138,0.003084,0.3273
114.550625,0.513846,0.47164,1.454044,0.005374,0.007063,0.003108,0.32769
114.600625,0.527235,0.480973,1.455548,0.006202,0.007002,0.003131,0.32789
114.650625,0.540752,0.490122,1.457086,0.007113,0.006944,0.003154,0.32788
114.700625,0.554395,0.499066,1.458662,0.008175,0.006883,0.003177,0.32767
114.750625,0.568163,0.50778,1.460275,0.009362,0.006774,0.003202,0.32723
114.800625,0.582052,0.516234,1.461928,0.010734,0.006628,0.003227,0.32647
114.850625,0.596058,0.524397,1.463597,0.012227,0.006328,0.003243,0.32536
114.900625,0.610174,0.532234,1.46527,0.013884,0.005759,0.003242,0.3238
114.950625,0.624384,0.539704,1.466911,0.015523,0.005077,0.003237,0.32167
115.000625,0.638674,0.546771,1.468506,0.017091,0.004414,0.00323,0.3191
115.050625,0.653025,0.553396,1.470052,0.018613,0.003757,0.003221,0.31615
115.100625,0.667423,0.559545,1.471541,0.020159,0.00297,0.003204,0.31285
115.150625,0.681847,0.565181,1.472977,0.021653,0.002192,0.003186,0.30923
115.200625,0.696279,0.570269,1.474359,0.023093,0.001462,0.003174,0.30538
115.250625,0.710701,0.574776,1.47569,0.024455,0.000742,0.003162,0.3014
115.300625,0.725096,0.578669,1.476984,0.025917,-4.3e-05,0.003155,0.29739
115.350625,0.739446,0.581915,1.478281,0.027439,-0.00077,0.003151,0.29342
115.400625,0.753731,0.584478,1.479597,0.028893,-0.001453,0.003147,0.28959
115.450625,0.767937,0.586324,1.480943,0.030248,-0.002156,0.003141,0.28606
115.500625,0.782046,0.58742,1.482361,0.031623,-0.002866,0.003134,0.28296
115.550625,0.79604,0.587736,1.483863,0.032941,-0.003551,0.003127,0.28036
115.600625,0.809905,0.587241,1.485451,0.034196,-0.00421,0.00312,0.2784
115.650625,0.823624,0.585907,1.487121,0.035363,-0.004874,0.003113,0.2772
115.700625,0.837181,0.583708,1.488871,0.036467,-0.005542,0.003106,0.27686
115.750625,0.850561,0.580621,1.490685,0.037477,-0.006217,0.0031,0.27742
115.800625,0.863748,0.576625,1.49254,0.038494,-0.006884,0.003097,0.279
115.850625,0.876726,0.571697,1.494418,0.039502,-0.007625,0.003096,0.28163
115.900625,0.889478,0.565817,1.496303,0.040477,-0.00835,0.003095,0.28541
115.950625,0.901987,0.558965,1.498194,0.04141,-0.009043,0.003094,0.29042
116.000625,0.914237,0.55112,1.500088,0.0423,-0.009706,0.003094,0.29668
116.050625,0.926213,0.542265,1.50198,0.04308,-0.010398,0.003094,0.30417
116.100625,0.937898,0.532385,1.503852,0.043609,-0.011174,0.003097,0.31276
116.150625,0.949275,0.521471,1.505687,0.04415,-0.011864,0.003103,0.3224
116.200625,0.960329,0.509514,1.507462,0.044579,-0.012522,0.003108,0.33305
116.250625,0.971043,0.496508,1.509166,0.044982,-0.013152,0.003115,0.34468
116.300625,0.981405,0.482447,1.510798,0.045366,-0.013753,0.003121,0.35726
116.350625,0.9914,0.467325,1.512353,0.045668,-0.014392,0.003129,0.37067
116.400625,1.001013,0.451139,1.513822,0.045741,-0.015164,0.003137,0.38479
116.450625,1.010228,0.433893,1.515197,0.045637,-0.015999,0.003139,0.39943
116.500625,1.019026,0.415593,1.516456,0.045295,-0.016831,0.003135,0.41444
116.550625,1.027387,0.396252,1.517601,0.044747,-0.01766,0.003128,0.42973
116.600625,1.035292,0.375886,1.518643,0.044091,-0.018392,0.003122,0.44519
116.650625,1.042726,0.354516,1.51959,0.043213,-0.019138,0.003113,0.46071
116.700625,1.049671,0.332165,1.520449,0.042142,-0.019827,0.003102,0.47612
116.750625,1.056111,0.308865,1.521216,0.040751,-0.020429,0.003092,0.4913
116.800625,1.062035,0.284654,1.5219,0.039143,-0.021006,0.003084,0.50607
116.850625,1.067428,0.259572,1.522503,0.037371,-0.021592,0.003078,0.52033
116.900625,1.072278,0.233668,1.52303,0.035479,-0.022167,0.003075,0.53397
116.950625,1.076573,0.206991,1.523483,0.033459,-0.02275,0.003073,0.54692
117.000625,1.0803,0.179593,1.52388,0.031355,-0.023304,0.003072,0.55913
117.050625,1.083447,0.151527,1.524233,0.029108,-0.023869,0.00307,0.57051
117.100625,1.086001,0.122852,1.524551,0.026619,-0.024479,0.003065,0.58096
117.150625,1.08795,0.093631,1.524829,0.024016,-0.025063,0.003061,0.59039
117.200625,1.089281,0.06393,1.525073,0.02127,-0.025698,0.003056,0.59873
117.250625,1.08998,0.033817,1.525286,0.018514,-0.026396,0.003057,0.60597
117.300625,1.090033,0.003362,1.525469,0.01564,-0.027092,0.003063,0.61207
117.350625,1.089424,-0.027363,1.525625,0.012734,-0.02778,0.003079,0.61703
117.400625,1.08814,-0.058286,1.525759,0.009648,-0.028412,0.003105,0.62079
117.450625,1.086165,-0.089332,1.525871,0.006596,-0.029132,0.003141,0.62337
117.500625,1.083485,-0.120424,1.525962,0.003458,-0.029864,0.003187,0.62476
117.550625,1.080085,-0.151486,1.526035,0.000255,-0.03065,0.003244,0.62498
117.600625,1.075946,-0.18244,1.526098,-0.003001,-0.031452,0.003311,0.62403
117.650625,1.071052,-0.213206,1.526149,-0.006311,-0.032364,0.003385,0.62195
117.700625,1.065383,-0.243705,1.52619,-0.009678,-0.03335,0.003466,0.61877
117.750625,1.058916,-0.273856,1.526229,-0.013132,-0.034405,0.003557,0.61454
117.800625,1.051628,-0.303574,1.526275,-0.016653,-0.035574,0.00366,0.60931
117.850625,1.043493,-0.332777,1.526333,-0.020311,-0.036896,0.003772,0.60317
117.900625,1.034481,-0.361375,1.526423,-0.024268,-0.038191,0.003895,0.59613
117.950625,1.024561,-0.389274,1.526547,-0.028553,-0.039261,0.004019,0.5882
118.000625,1.013713,-0.416373,1.526696,-0.033143,-0.040019,0.004141,0.57932
118.050625,1.001918,-0.442561,1.526875,-0.037864,-0.040493,0.004261,0.56954
118.100625,0.98917,-0.467729,1.527076,-0.042739,-0.040597,0.004368,0.55895
118.150625,0.975467,-0.49176,1.527291,-0.047654,-0.040302,0.004464,0.54762
118.200625,0.960821,-0.514539,1.527514,-0.052582,-0.039681,0.004552,0.53572
118.250625,0.945249,-0.53595,1.527734,-0.057484,-0.038847,0.004633,0.52344
118.300625,0.928774,-0.55588,1.527937,-0.062195,-0.037952,0.004707,0.51111
118.350625,0.91142,-0.574219,1.52812,-0.066754,-0.036918,0.004769,0.49912
118.400625,0.893216,-0.590861,1.528272,-0.071085,-0.035867,0.004822,0.4879
118.450625,0.874189,-0.605707,1.528385,-0.075161,-0.034803,0.004866,0.47797
118.500625,0.854368,-0.618664,1.528459,-0.078897,-0.033746,0.004903,0.46989
118.550625,0.83378,-0.629646,1.528489,-0.082303,-0.032693,0.004932,0.46423
118.600625,0.812454,-0.638578,1.528473,-0.085306,-0.031695,0.004962,0.4615
118.650625,0.790416,-0.645393,1.528411,-0.087865,-0.030788,0.004997,0.4622
118.700625,0.76769,-0.650036,1.528297,-0.090022,-0.02994,0.005035,0.46666
118.750625,0.744299,-0.652462,1.528135,-0.091836,-0.029172,0.005069,0.47506
118.800625,0.720264,-0.652633,1.527916,-0.093277,-0.02834,0.005087,0.48738
118.850625,0.695608,-0.650523,1.527639,-0.094478,-0.027581,0.005102,0.50346
118.900625,0.670353,-0.646111,1.527294,-0.095387,-0.026771,0.005105,0.52301
118.950625,0.64452,-0.639384,1.526877,-0.095918,-0.026024,0.005106,0.54567
119.000625,0.61813,-0.630338,1.526386,-0.096133,-0.025252,0.005096,0.57105
119.050625,0.591204,-0.618976,1.52582,-0.095803,-0.02452,0.005079,0.59869
119.100625,0.563765,-0.605316,1.525178,-0.09496,-0.023654,0.005038,0.62807
119.150625,0.535834,-0.589388,1.524449,-0.093614,-0.02281,0.004985,0.65869
119.200625,0.507436,-0.571234,1.523646,-0.091747,-0.021917,0.004921,0.6901
119.250625,0.478596,-0.550908,1.522777,-0.08925,-0.020949,0.004845,0.72178
119.300625,0.449339,-0.52848,1.521844,-0.086121,-0.019904,0.004757,0.75327
119.350625,0.419695,-0.504035,1.520857,-0.082429,-0.018726,0.004654,0.78409
119.400625,0.389693,-0.477672,1.519836,-0.078277,-0.017469,0.004546,0.81384
119.450625,0.359369,-0.449498,1.518801,-0.073721,-0.016219,0.004444,0.84217
119.500625,0.328753,-0.419633,1.517764,-0.068886,-0.014963,0.004342,0.86884
119.550625,0.29788,-0.388203,1.516745,-0.063862,-0.013797,0.004248,0.89363
119.600625,0.26678,-0.355336,1.515755,-0.058841,-0.012557,0.004154,0.91643
119.650625,0.235485,-0.321162,1.514803,-0.053698,-0.011405,0.004066,0.93713
119.700625,0.204027,-0.285813,1.513898,-0.048551,-0.010204,0.003981,0.95565
119.750625,0.172435,-0.249423,1.51303,-0.043279,-0.009056,0.003909,0.97191
119.800625,0.14074,-0.212124,1.512196,-0.038092,-0.007894,0.003849,0.98586
119.850625,0.108971,-0.174049,1.51139,-0.032972,-0.006805,0.003801,0.99753
119.900625,0.077157,-0.135329,1.5106,-0.027747,-0.005717,0.003762,1.0069
119.950625,0.045325,-0.096094,1.509815,-0.022249,-0.00459,0.003733,1.01389
120.000625,0.013504,-0.056481,1.509026,-0.016496,-0.003495,0.003714,1.01836
120.050625,-0.018279,-0.016634,1.508232,-0.010744,-0.002393,0.00371,1.02029
120.100625,-0.049996,0.023307,1.507431,-0.004882,-0.001285,0.003712,1.01964
120.150625,-0.081621,0.063198,1.506606,0.000839,-0.0002,0.003719,1.01644
120.200625,-0.113127,0.102899,1.505769,0.006584,0.00082,0.003732,1.01074
120.250625,-0.144488,0.142272,1.504911,0.012234,0.001804,0.00375,1.00259
120.300625,-0.175681,0.181179,1.504047,0.01793,0.002816,0.003776,0.99201
120.350625,-0.206682,0.219484,1.503178,0.023596,0.003874,0.003814,0.97902
120.400625,-0.237466,0.257052,1.50231,0.029164,0.004954,0.003869,0.96366
120.450625,-0.268005,0.293749,1.501455,0.034585,0.006053,0.003943,0.946
120.500625,-0.298275,0.329448,1.500617,0.039827,0.007135,0.00403,0.92616
120.550625,-0.32825,0.364026,1.499795,0.044861,0.00819,0.004127,0.90427
120.600625,-0.357906,0.397363,1.498991,0.049673,0.009184,0.004226,0.88049
120.650625,-0.387219,0.42935,1.498205,0.054352,0.010048,0.004327,0.85499
120.700625,-0.41617,0.459876,1.497431,0.058863,0.010731,0.004426,0.82794
120.750625,-0.444743,0.488839,1.496667,0.06309,0.011003,0.004509,0.79963
120.800625,-0.472937,0.516145,1.49591,0.066188,0.010252,0.00453,0.77061
120.850625,-0.500767,0.541727,1.495162,0.066578,0.009557,0.004564,0.74195
120.900625,-0.528252,0.565583,1.494428,0.06496,0.009782,0.004655,0.71435
120.950625,-0.555388,0.587755,1.493717,0.063031,0.010803,0.004791,0.68785
121.000625,-0.582152,0.608296,1.49303,0.061906,0.012563,0.004963,0.66206
121.050625,-0.608503,0.627238,1.492365,0.062354,0.014793,0.00515,0.63635
121.100625,-0.634389,0.644579,1.491719,0.064483,0.017245,0.005345,0.61015
121.150625,-0.659752,0.660273,1.491083,0.068043,0.019767,0.005543,0.58308
121.200625,-0.684533,0.674241,1.490441,0.07267,0.022236,0.005738,0.55501
121.250625,-0.708674,0.68638,1.48978,0.078038,0.02441,0.005915,0.52615
121.300625,-0.732123,0.696566,1.489087,0.083674,0.026311,0.006073,0.49704
121.350625,-0.754836,0.70467,1.488345,0.089062,0.028061,0.006225,0.46844
121.400625,-0.776774,0.71057,1.487545,0.093997,0.02952,0.006353,0.44145
121.450625,-0.797902,0.714154,1.486677,0.098284,0.030682,0.006452,0.41743
121.500625,-0.818194,0.715325,1.485733,0.101724,0.031673,0.006531,0.39784
121.550625,-0.83763,0.714007,1.484713,0.104151,0.032528,0.006597,0.38408
121.600625,-0.85619,0.710149,1.483622,0.105665,0.033175,0.006641,0.37732
121.650625,-0.873862,0.703722,1.482464,0.106375,0.033632,0.00666,0.37822
121.700625,-0.890636,0.694717,1.481245,0.106087,0.034025,0.006664,0.38673
121.750625,-0.906505,0.683149,1.479976,0.104741,0.034346,0.006652,0.40205
121.800625,-0.921464,0.669059,1.478666,0.102404,0.03461,0.006629,0.42291
121.850625,-0.935511,0.652514,1.477321,0.099339,0.034801,0.006584,0.44787
121.900625,-0.948643,0.633597,1.475951,0.095483,0.034875,0.006511,0.47555
121.950625,-0.960861,0.612411,1.474569,0.090631,0.034691,0.006402,0.50465
122.000625,-0.972175,0.589085,1.473181,0.084845,0.034214,0.006255,0.53398
122.050625,-0.9826,0.563768,1.471793,0.078319,0.033429,0.006071,0.56252
122.100625,-0.992158,0.53663,1.470415,0.071192,0.032433,0.005864,0.5895
122.150625,-1.000877,0.507849,1.46906,0.06379,0.031486,0.005654,0.61428
122.200625,-1.008785,0.477615,1.467749,0.056409,0.030543,0.005446,0.63649
122.250625,-1.015907,0.446113,1.466495,0.049255,0.029638,0.005246,0.65596
122.300625,-1.02227,0.413524,1.465307,0.042394,0.028815,0.005055,0.67264
122.350625,-1.027898,0.380021,1.464181,0.035882,0.028098,0.004871,0.68657
122.400625,-1.032811,0.345768,1.463118,0.029784,0.027453,0.00469,0.69782
122.450625,-1.037029,0.310919,1.462125,0.02408,0.026927,0.004511,0.70652
122.500625,-1.040568,0.275614,1.461199,0.018766,0.026487,0.004335,0.71284
122.550625,-1.043442,0.239988,1.460337,0.013808,0.026105,0.004162,0.71692
122.600625,-1.045663,0.204163,1.459537,0.009142,0.025813,0.003992,0.71887
122.650625,-1.047242,0.168254,1.458789,0.004833,0.025501,0.003821,0.71889
122.700625,-1.04819,0.132368,1.458079,0.000729,0.025234,0.003652,0.71706
122.750625,-1.048515,0.096605,1.457424,-0.003145,0.02502,0.003488,0.71351
122.800625,-1.048226,0.061059,1.456824,-0.006865,0.024788,0.003337,0.70833
122.850625,-1.04733,0.02582,1.456272,-0.010318,0.024592,0.003195,0.70164
122.900625,-1.045835,-0.009029,1.45577,-0.013596,0.024424,0.003069,0.69353
122.950625,-1.043747,-0.043409,1.455324,-0.016674,0.024344,0.002958,0.68412
123.000625,-1.041071,-0.077246,1.454935,-0.019575,0.024295,0.002868,0.67352
123.050625,-1.037809,-0.110473,1.454607,-0.022215,0.024336,0.002794,0.66186
123.100625,-1.033963,-0.143026,1.454334,-0.024743,0.024474,0.002738,0.64925
123.150625,-1.029532,-0.174848,1.454128,-0.027096,0.024732,0.002699,0.63582
123.200625,-1.024512,-0.205883,1.453978,-0.029358,0.025096,0.002675,0.62165
123.250625,-1.018895,-0.236079,1.453893,-0.031541,0.02554,0.002659,0.60686
123.300625,-1.012673,-0.265387,1.453866,-0.033688,0.026093,0.002647,0.59154
123.350625,-1.005836,-0.293758,1.453886,-0.035905,0.026718,0.002641,0.57574
123.400625,-0.998369,-0.321141,1.45395,-0.038212,0.02735,0.002641,0.55953
123.450625,-0.99026,-0.347483,1.454055,-0.040583,0.02797,0.002645,0.54296
123.500625,-0.981497,-0.372731,1.454196,-0.043111,0.028469,0.002654,0.5261
123.550625,-0.97207,-0.396828,1.454364,-0.045762,0.028783,0.002668,0.50897
123.600625,-0.961974,-0.419714,1.454557,-0.048485,0.028729,0.002691,0.49165
123.650625,-0.951213,-0.441326,1.454771,-0.051129,0.028165,0.002732,0.4742
123.700625,-0.939803,-0.461606,1.454994,-0.053521,0.027094,0.002792,0.45674
123.750625,-0.927774,-0.480502,1.455214,-0.055563,0.025513,0.002871,0.43944
123.800625,-0.915166,-0.497969,1.455423,-0.057244,0.023595,0.002965,0.42247
123.850625,-0.902028,-0.513971,1.455619,-0.058559,0.021269,0.003073,0.40597
123.900625,-0.88842,-0.528482,1.455795,-0.059481,0.018773,0.003183,0.3901
123.950625,-0.874402,-0.541486,1.455953,-0.060047,0.016249,0.003283,0.37505
124.000625,-0.860038,-0.552974,1.456092,-0.060205,0.013727,0.003366,0.36101
124.050625,-0.845391,-0.562947,1.456217,-0.059899,0.011399,0.003422,0.34822
124.100625,-0.830519,-0.57142,1.456313,-0.059185,0.009109,0.003465,0.33688
124.150625,-0.815478,-0.578415,1.456383,-0.058053,0.007122,0.003491,0.32714
124.200625,-0.800316,-0.583966,1.456432,-0.056593,0.005349,0.003503,0.31917
124.250625,-0.785079,-0.588112,1.456455,-0.054728,0.003752,0.003508,0.313
124.300625,-0.769803,-0.590905,1.456467,-0.052488,0.002327,0.003507,0.30861
124.350625,-0.754525,-0.592403,1.456478,-0.049929,0.001075,0.003498,0.30587
124.400625,-0.739275,-0.592674,1.456486,-0.047133,2e-06,0.003487,0.30462
124.450625,-0.724078,-0.591789,1.456494,-0.044219,-0.000931,0.003476,0.3046
124.500625,-0.708957,-0.589825,1.456502,-0.041221,-0.001662,0.003462,0.30558
124.550625,-0.69393,-0.586857,1.456515,-0.038182,-0.002186,0.003448,0.30734
124.600625,-0.679008,-0.582965,1.456536,-0.03515,-0.002558,0.003433,0.30967
124.650625,-0.664201,-0.578224,1.45657,-0.032165,-0.002823,0.00342,0.31236
124.700625,-0.649514,-0.572712,1.456609,-0.029326,-0.003048,0.003416,0.31521
124.750625,-0.634952,-0.566501,1.456646,-0.026694,-0.003143,0.00342,0.3181
124.800625,-0.620517,-0.559656,1.456678,-0.024284,-0.003165,0.003438,0.32094
124.850625,-0.606209,-0.552241,1.456696,-0.022067,-0.003122,0.003476,0.32369
124.900625,-0.592026,-0.544311,1.4567,-0.02003,-0.003,0.003535,0.32629
124.950625,-0.577964,-0.535917,1.456692,-0.018145,-0.002824,0.003614,0.32874
125.000625,-0.56402,-0.527108,1.456669,-0.016402,-0.002649,0.003711,0.331
125.050625,-0.550188,-0.517928,1.456643,-0.014755,-0.002528,0.003815,0.33303
125.100625,-0.536465,-0.508417,1.456613,-0.013223,-0.002452,0.003924,0.33479
125.150625,-0.522848,-0.498616,1.456579,-0.011755,-0.002258,0.004033,0.33628
125.200625,-0.509333,-0.48856,1.456553,-0.010449,-0.002148,0.004143,0.33752
125.250625,-0.495916,-0.478282,1.456543,-0.009238,-0.002084,0.004244,0.33848
125.300625,-0.482595,-0.467813,1.456549,-0.008138,-0.00206,0.004337,0.33917
125.350625,-0.46937,-0.45718,1.456578,-0.00711,-0.002007,0.004421,0.33958
125.400625,-0.456238,-0.446409,1.456631,-0.006108,-0.002007,0.004498,0.33972
125.450625,-0.4432,-0.435525,1.456701,-0.005202,-0.002094,0.004567,0.33958
125.500625,-0.430257,-0.424551,1.456789,-0.004368,-0.002163,0.004623,0.33916
125.550625,-0.41741,-0.413508,1.456894,-0.003536,-0.002279,0.004666,0.33844
125.600625,-0.404662,-0.402416,1.457006,-0.002758,-0.002372,0.004696,0.33746
125.650625,-0.392014,-0.391295,1.457114,-0.002,-0.002528,0.004717,0.33618
125.700625,-0.37947,-0.380163,1.457216,-0.00128,-0.002708,0.004731,0.33463
125.750625,-0.367035,-0.369037,1.457311,-0.000684,-0.002848,0.004741,0.3328
125.800625,-0.354709,-0.357933,1.457388,-5.7e-05,-0.002978,0.004746,0.33075
125.850625,-0.342498,-0.346865,1.457442,0.000508,-0.003168,0.004741,0.32845
125.900625,-0.330404,-0.335848,1.457468,0.001011,-0.003382,0.00473,0.32591
125.950625,-0.318433,-0.324893,1.457477,0.001451,-0.003619,0.004723,0.32315
126.000625,-0.306589,-0.31401,1.457487,0.001867,-0.00383,0.004723,0.32018
126.050625,-0.294878,-0.303211,1.457491,0.002271,-0.00411,0.004726,0.31699
126.100625,-0.283306,-0.292505,1.457477,0.002649,-0.004413,0.004738,0.31359
126.150625,-0.271879,-0.281899,1.457445,0.002928,-0.004635,0.004765,0.30999
126.200625,-0.260603,-0.271402,1.457406,0.003213,-0.004874,0.004805,0.30623
126.250625,-0.249483,-0.261019,1.457369,0.003443,-0.005207,0.004851,0.3023
126.300625,-0.238526,-0.250755,1.457337,0.003659,-0.005465,0.0049,0.2982
126.350625,-0.227738,-0.240617,1.457308,0.00379,-0.005768,0.004952,0.29395
126.400625,-0.217127,-0.230606,1.457291,0.003894,-0.006137,0.005004,0.28956
126.450625,-0.2067,-0.220724,1.457296,0.003967,-0.006578,0.00506,0.28502
126.500625,-0.196468,-0.210973,1.457324,0.004034,-0.007046,0.005123,0.28031
126.550625,-0.186442,-0.201355,1.457372,0.004067,-0.007583,0.005188,0.27542
126.600625,-0.176633,-0.191869,1.457447,0.004176,-0.008161,0.005248,0.27035
126.650625,-0.167056,-0.182519,1.457545,0.004335,-0.008763,0.005299,0.26503
126.700625,-0.157724,-0.173307,1.457656,0.004611,-0.009387,0.005343,0.25946
126.750625,-0.148651,-0.16424,1.45777,0.004971,-0.010009,0.005385,0.25359
126.800625,-0.139851,-0.155325,1.457886,0.005365,-0.010477,0.005426,0.24743
126.850625,-0.131336,-0.146574,1.458002,0.005917,-0.010846,0.005465,0.24099
126.900625,-0.123112,-0.137997,1.458112,0.00648,-0.011064,0.0055,0.23429
126.950625,-0.115184,-0.129609,1.458224,0.007062,-0.01115,0.005532,0.22737
127.000625,-0.107553,-0.121422,1.458339,0.007657,-0.010995,0.005562,0.22029
127.050625,-0.100215,-0.113452,1.45846,0.008237,-0.010795,0.00559,0.21309
127.100625,-0.093163,-0.10571,1.458593,0.008819,-0.010503,0.005617,0.2058
127.150625,-0.08639,-0.098211,1.458743,0.009249,-0.010059,0.00564,0.19847
127.200625,-0.079883,-0.090964,1.458916,0.009607,-0.009589,0.00566,0.19118
127.250625,-0.07363,-0.083977,1.459095,0.009908,-0.009101,0.005681,0.18396
127.300625,-0.067618,-0.077256,1.459276,0.010114,-0.008642,0.005703,0.17682
127.350625,-0.061836,-0.070805,1.459464,0.010193,-0.008179,0.005729,0.16981
127.400625,-0.056271,-0.064625,1.459658,0.010216,-0.00768,0.005759,0.16296
127.450625,-0.05091,-0.058716,1.45985,0.010142,-0.007312,0.005789,0.15629
127.500625,-0.045743,-0.053076,1.460038,0.010032,-0.006968,0.00582,0.1498
127.550625,-0.040761,-0.047699,1.46022,0.009827,-0.006575,0.005854,0.14351
127.600625,-0.035955,-0.042581,1.460396,0.009522,-0.006274,0.005889,0.13746
127.650625,-0.031316,-0.037713,1.460561,0.00921,-0.006005,0.005924,0.13164
127.700625,-0.026837,-0.033086,1.460712,0.008836,-0.005726,0.005956,0.12606
127.750625,-0.022512,-0.028691,1.460859,0.008405,-0.005534,0.005989,0.12072
127.800625,-0.018333,-0.024517,1.460996,0.007986,-0.005379,0.006019,0.11563
127.850625,-0.014299,-0.020551,1.46111,0.007549,-0.005271,0.006048,0.11075
127.900625,-0.010404,-0.016784,1.461204,0.007127,-0.005198,0.006086,0.10606
127.950625,-0.006648,-0.013203,1.461282,0.00669,-0.005123,0.006139,0.10157
128.000625,-0.003028,-0.009798,1.46134,0.006326,-0.005108,0.006203,0.09725
128.050625,0.000457,-0.006559,1.461387,0.005936,-0.005077,0.006272,0.09309
128.100625,0.003807,-0.003477,1.461432,0.005663,-0.005106,0.006338,0.08905
128.150625,0.007024,-0.000544,1.46147,0.005403,-0.005145,0.006398,0.0851
128.200625,0.010105,0.002248,1.461499,0.005147,-0.005246,0.006448,0.08122
128.250625,0.013049,0.004903,1.461525,0.004972,-0.005351,0.00649,0.07738
128.300625,0.015854,0.007427,1.461549,0.004836,-0.005461,0.006528,0.07357
128.350625,0.018517,0.009825,1.461571,0.004646,-0.005554,0.00656,0.06979
128.400625,0.021038,0.012101,1.461592,0.004514,-0.005611,0.006589,0.06604
128.450625,0.023413,0.014258,1.461614,0.0044,-0.005678,0.006615,0.06232
128.500625,0.025643,0.0163,1.461636,0.004286,-0.005766,0.006637,0.05863
128.550625,0.027727,0.018229,1.461661,0.00416,-0.005731,0.006657,0.05498
128.600625,0.029664,0.02005,1.461693,0.00408,-0.005744,0.006675,0.05138
128.650625,0.031455,0.021765,1.46174,0.004047,-0.005776,0.006691,0.04781
128.700625,0.0331,0.023374,1.461806,0.003996,-0.005688,0.006705,0.04429
128.750625,0.034601,0.024879,1.461898,0.003924,-0.005564,0.006715,0.04085
128.800625,0.035962,0.026282,1.462012,0.003857,-0.005444,0.006716,0.03751
128.850625,0.037187,0.027586,1.462139,0.003768,-0.005306,0.006712,0.03424
128.900625,0.038278,0.028793,1.462267,0.00375,-0.005184,0.00671,0.03105
128.950625,0.03924,0.029903,1.462399,0.003674,-0.005048,0.00671,0.02796
129.000625,0.040076,0.03092,1.462532,0.003546,-0.004845,0.006715,0.02498
129.050625,0.040791,0.031845,1.462663,0.003522,-0.004668,0.006724,0.02212
129.100625,0.041391,0.032681,1.462792,0.003455,-0.004514,0.006736,0.01937
129.150625,0.041878,0.033429,1.462919,0.003435,-0.004347,0.006752,0.01673
129.200625,0.042259,0.03409,1.463043,0.003364,-0.004129,0.006773,0.01421
129.250625,0.042538,0.034666,1.46316,0.003318,-0.003977,0.006796,0.01183
129.300625,0.042719,0.035158,1.463264,0.003274,-0.003768,0.00682,0.0096
129.350625,0.042809,0.035568,1.463356,0.003176,-0.003501,0.006842,0.00767
129.400625,0.042812,0.035899,1.463442,0.003085,-0.003334,0.006866,0.00609
129.450625,0.042735,0.036153,1.463508,0.003031,-0.00309,0.006888,0.005
129.500625,0.042583,0.036331,1.463548,0.002943,-0.002803,0.006915,0.00472
129.550625,0.042363,0.036436,1.463564,0.002831,-0.002521,0.00695,0.00521
129.600625,0.042083,0.036472,1.463548,0.002685,-0.002216,0.006988,0.00619
129.650625,0.04175,0.036441,1.463496,0.002543,-0.001921,0.007026,0.00738
129.700625,0.041372,0.036348,1.463409,0.002408,-0.00164,0.007063,0.00861
129.750625,0.040955,0.036196,1.463286,0.002279,-0.001372,0.007099,0.00981
129.800625,0.040506,0.035988,1.463128,0.002155,-0.001115,0.007135,0.01095
129.850625,0.040031,0.035728,1.462935,0.002037,-0.000871,0.00717,0.01202
129.900625,0.039537,0.035419,1.462707,0.001924,-0.000637,0.007205,0.013
129.950625,0.039029,0.035064,1.462445,0.001804,-0.000427,0.007239,0.01389
130.000625,0.038513,0.034666,1.462151,0.001653,-0.000262,0.007271,0.01472
130.050625,0.037992,0.034229,1.461823,0.001505,-0.000109,0.007301,0.01549
130.100625,0.03747,0.033756,1.461458,0.001324,7.7e-05,0.00733,0.01624
130.150625,0.036952,0.033252,1.461053,0.001059,0.00031,0.007355,0.01688
130.200625,0.036443,0.032724,1.46061,0.000744,0.000481,0.007383,0.01736
130.250625,0.035947,0.03218,1.460133,0.000435,0.000641,0.00741,0.0177
130.300625,0.035469,0.031627,1.459629,4.8e-05,0.000886,0.007442,0.01783
130.350625,0.035014,0.031074,1.459097,-0.000425,0.001173,0.007476,0.01775
130.400625,0.034589,0.030535,1.458542,-0.001031,0.001489,0.007511,0.01756
130.450625,0.034202,0.030022,1.457959,-0.00164,0.001778,0.007544,0.01701
130.500625,0.033859,0.029551,1.457376,-0.00219,0.002111,0.007566,0.01589
130.550625,0.033568,0.029136,1.456802,-0.00268,0.002391,0.00758,0.01477
130.600625,0.033337,0.028787,1.456229,-0.003116,0.002679,0.00759,0.01363
130.650625,0.033171,0.028517,1.455657,-0.003472,0.002986,0.007597,0.01255
130.700625,0.033077,0.028332,1.455092,-0.003708,0.003234,0.0076,0.01164
130.750625,0.033063,0.02824,1.454532,-0.003945,0.003498,0.007601,0.01123
130.800625,0.033134,0.028245,1.453973,-0.004076,0.003843,0.007601,0.01147
130.850625,0.033297,0.02835,1.453413,-0.00405,0.003985,0.007603,0.01237
130.900625,0.033556,0.028554,1.452851,-0.003831,0.003884,0.007607,0.01382
130.950625,0.033909,0.028852,1.452277,-0.003686,0.003763,0.007613,0.01576
131.000625,0.034352,0.02924,1.451679,-0.003559,0.003686,0.007622,0.01779
131.050625,0.034883,0.029715,1.451069,-0.003461,0.00362,0.007641,0.0197
131.100625,0.0355,0.030274,1.45046,-0.003587,0.003711,0.007661,0.02163
131.150625,0.036207,0.03092,1.449852,-0.003782,0.003939,0.00768,0.02374
131.200625,0.037007,0.031657,1.449252,-0.004099,0.00425,0.007698,0.02602
131.250625,0.037908,0.032494,1.448664,-0.004433,0.004635,0.007717,0.02855
131.300625,0.038919,0.033438,1.448092,-0.004762,0.005048,0.007736,0.03137
131.350625,0.04005,0.034496,1.447545,-0.005167,0.005507,0.007752,0.03441
131.400625,0.041312,0.035679,1.447033,-0.005568,0.005955,0.007767,0.0378
131.450625,0.042714,0.036996,1.446553,-0.00591,0.006341,0.007778,0.04157
131.500625,0.044267,0.038455,1.446095,-0.006252,0.006719,0.007781,0.04564
131.550625,0.045978,0.040064,1.445656,-0.006606,0.007092,0.007782,0.04998
131.600625,0.047856,0.041831,1.44524,-0.006934,0.007402,0.00778,0.05455
131.650625,0.049909,0.043764,1.444855,-0.007201,0.007683,0.007778,0.05931
131.700625,0.052142,0.045869,1.444501,-0.007443,0.007921,0.007776,0.06429
131.750625,0.054561,0.048151,1.44416,-0.007692,0.008127,0.007779,0.06946
131.800625,0.05717,0.050616,1.443832,-0.007883,0.008275,0.007791,0.07474
131.850625,0.059972,0.053268,1.443515,-0.008018,0.008391,0.007809,0.08012
131.900625,0.06297,0.05611,1.443201,-0.00821,0.008474,0.007832,0.08559
131.950625,0.066164,0.059146,1.44289,-0.008435,0.008593,0.007857,0.09114
132.000625,0.069557,0.06238,1.442585,-0.008583,0.008705,0.007883,0.09678
132.050625,0.073151,0.065817,1.442292,-0.008762,0.008772,0.00791,0.10248
132.100625,0.076947,0.069458,1.442016,-0.008831,0.008841,0.007936,0.10823
132.150625,0.080947,0.073307,1.441769,-0.008946,0.00894,0.007959,0.11402
132.200625,0.085151,0.077364,1.441557,-0.009059,0.009037,0.007982,0.11987
132.250625,0.089562,0.081633,1.441378,-0.009167,0.009129,0.008005,0.12578
132.300625,0.094181,0.086115,1.441234,-0.009271,0.009217,0.008028,0.13174
132.350625,0.09901,0.090811,1.441123,-0.009369,0.009301,0.00805,0.13775
132.400625,0.10405,0.095724,1.441042,-0.009434,0.009353,0.008069,0.1438
132.450625,0.109301,0.100854,1.440988,-0.009485,0.009391,0.008083,0.14987
132.500625,0.114765,0.106203,1.440963,-0.009514,0.009407,0.008094,0.15595
132.550625,0.120439,0.111769,1.440958,-0.00949,0.009374,0.008103,0.162
132.600625,0.126323,0.117552,1.44096,-0.009484,0.009341,0.008112,0.16801
132.650625,0.132416,0.12355,1.440983,-0.009409,0.009302,0.008124,0.17398
132.700625,0.138716,0.129762,1.441035,-0.009313,0.009266,0.008135,0.17989
132.750625,0.145221,0.136184,1.441111,-0.009244,0.009256,0.008139,0.18575
132.800625,0.151931,0.142813,1.441212,-0.009193,0.009264,0.008136,0.19156
132.850625,0.158844,0.149648,1.441338,-0.009082,0.009227,0.008129,0.19732
132.900625,0.16596,0.156685,1.441487,-0.009003,0.009238,0.008115,0.20303
132.950625,0.173278,0.163923,1.441666,-0.008927,0.009251,0.008099,0.2087
133.000625,0.180797,0.171357,1.441877,-0.008849,0.009268,0.008084,0.21433
133.050625,0.188518,0.178985,1.442116,-0.008725,0.009269,0.00807,0.21991
133.100625,0.19644,0.186804,1.442383,-0.008577,0.009254,0.008057,0.22543
133.150625,0.204561,0.19481,1.442676,-0.008426,0.009247,0.008048,0.23086
133.200625,0.212881,0.202998,1.442992,-0.008277,0.009246,0.008047,0.23623
133.250625,0.2214,0.211363,1.443331,-0.008104,0.009275,0.008052,0.24152
133.300625,0.230116,0.219902,1.443698,-0.007955,0.009285,0.00806,0.24676
133.350625,0.239031,0.228609,1.444096,-0.007817,0.009293,0.008068,0.25193
133.400625,0.248143,0.23748,1.444526,-0.007685,0.0093,0.008075,0.25705
133.450625,0.257452,0.246513,1.444981,-0.00747,0.00932,0.008084,0.26209
133.500625,0.266958,0.2557,1.445462,-0.007196,0.009348,0.008094,0.26704
133.550625,0.27666,0.265034,1.445964,-0.006863,0.009363,0.008107,0.27187
133.600625,0.286559,0.274508,1.446479,-0.006533,0.009334,0.008132,0.27657
133.650625,0.296653,0.284112,1.447004,-0.006123,0.00926,0.008166,0.28111
133.700625,0.30694,0.293835,1.447542,-0.005662,0.009189,0.008211,0.28546
133.750625,0.317417,0.303667,1.448094,-0.005254,0.009091,0.008268,0.28963
133.800625,0.328081,0.313596,1.448655,-0.004788,0.009005,0.008334,0.29361
133.850625,0.338931,0.32361,1.449218,-0.004253,0.008935,0.008402,0.29738
133.900625,0.349962,0.333698,1.449785,-0.003739,0.008807,0.008472,0.30093
133.950625,0.361173,0.343844,1.45036,-0.003186,0.00871,0.00854,0.30427
134.000625,0.372559,0.354036,1.450945,-0.002649,0.008633,0.008603,0.30741
134.050625,0.384119,0.36426,1.45155,-0.002037,0.008506,0.008658,0.31033
134.100625,0.395849,0.374502,1.45217,-0.001364,0.008382,0.008704,0.31299
134.150625,0.407746,0.384744,1.452799,-0.000695,0.008357,0.008741,0.31541
134.200625,0.419808,0.39497,1.453423,-5.8e-05,0.008261,0.008771,0.31759
134.250625,0.432032,0.405164,1.454048,0.000727,0.008134,0.008795,0.31954
134.300625,0.444416,0.415308,1.454674,0.001508,0.008044,0.008815,0.32122
134.350625,0.456956,0.425383,1.455293,0.002301,0.007922,0.008829,0.32263
134.400625,0.469648,0.435368,1.455898,0.003151,0.00779,0.008838,0.32377
134.450625,0.482491,0.445245,1.456475,0.004012,0.007608,0.008845,0.32462
134.500625,0.495477,0.454991,1.457023,0.004884,0.007462,0.008844,0.3252
134.550625,0.508605,0.464586,1.457547,0.00584,0.007349,0.008835,0.32552
134.600625,0.521871,0.474008,1.458044,0.00688,0.007207,0.008825,0.32557
134.650625,0.53527,0.483231,1.458534,0.007958,0.007095,0.008815,0.32536
134.700625,0.548801,0.492228,1.459017,0.009159,0.006985,0.008807,0.32486
134.750625,0.56246,0.500973,1.459474,0.010387,0.006835,0.008805,0.3241
134.800625,0.576244,0.509436,1.459917,0.011675,0.006554,0.008812,0.32305
134.850625,0.590144,0.517585,1.460358,0.013044,0.006146,0.008821,0.32167
134.900625,0.604152,0.525389,1.460785,0.014372,0.005688,0.008834,0.31992
134.950625,0.618256,0.532815,1.461208,0.015702,0.005101,0.008849,0.31785
135.000625,0.632442,0.539834,1.461637,0.017078,0.004442,0.00887,0.31542
135.050625,0.646693,0.546411,1.462066,0.018403,0.003762,0.00889,0.31264
135.100625,0.660994,0.552517,1.462498,0.019746,0.002952,0.008905,0.30954
135.150625,0.675324,0.558119,1.46294,0.021085,0.002205,0.008924,0.30616
135.200625,0.689667,0.563187,1.463388,0.022458,0.00149,0.008942,0.30255
135.250625,0.704003,0.567687,1.463845,0.023832,0.000734,0.008951,0.29879
135.300625,0.718316,0.571589,1.464308,0.025182,2.3e-05,0.008962,0.29495
135.350625,0.732589,0.574862,1.464776,0.026522,-0.000675,0.008968,0.29112
135.400625,0.746804,0.577473,1.465255,0.027899,-0.001419,0.008962,0.28739
135.450625,0.760944,0.579393,1.465741,0.029223,-0.002128,0.008955,0.28384
135.500625,0.774993,0.58059,1.466227,0.030579,-0.002871,0.008944,0.28059
135.550625,0.788932,0.581033,1.466722,0.031887,-0.003582,0.00893,0.27776
135.600625,0.802745,0.580693,1.46722,0.033147,-0.004275,0.008915,0.27547
135.650625,0.816416,0.579542,1.467712,0.034446,-0.004994,0.008899,0.27387
135.700625,0.829929,0.57755,1.468209,0.035641,-0.00566,0.008883,0.27305
135.750625,0.843266,0.574691,1.468702,0.036791,-0.006315,0.008867,0.27318
135.800625,0.856413,0.57094,1.469188,0.0379,-0.006978,0.008851,0.27435
135.850625,0.869356,0.566271,1.469671,0.038936,-0.007636,0.008835,0.27664
135.900625,0.882077,0.560664,1.470149,0.039895,-0.008314,0.008814,0.28011
135.950625,0.894563,0.554096,1.470615,0.040771,-0.008953,0.008796,0.28481
136.000625,0.906798,0.546551,1.471071,0.041582,-0.009612,0.008777,0.29077
136.050625,0.918766,0.538011,1.471518,0.042272,-0.010291,0.008759,0.29793
136.100625,0.930452,0.528463,1.47195,0.042818,-0.011021,0.008743,0.30624
136.150625,0.94184,0.517897,1.472371,0.043317,-0.011669,0.008736,0.31566
136.200625,0.952914,0.506303,1.472781,0.043765,-0.012342,0.008728,0.32612
136.250625,0.963659,0.493675,1.473181,0.044132,-0.013025,0.00872,0.33755
136.300625,0.974059,0.480007,1.473574,0.044419,-0.013679,0.008718,0.34986
136.350625,0.984099,0.465295,1.473957,0.044514,-0.014349,0.00872,0.36294
136.400625,0.993764,0.449541,1.474328,0.044539,-0.015025,0.008721,0.37668
136.450625,1.003039,0.432748,1.474693,0.044419,-0.015727,0.008723,0.39096
136.500625,1.011907,0.414923,1.475051,0.044103,-0.016447,0.008727,0.40566
136.550625,1.020353,0.396077,1.475403,0.043618,-0.017131,0.008732,0.42063
136.600625,1.028359,0.376225,1.475747,0.042949,-0.017834,0.008738,0.43576
136.650625,1.035912,0.355389,1.476087,0.042144,-0.018522,0.008746,0.45092
136.700625,1.042994,0.33359,1.476419,0.041143,-0.019211,0.008756,0.46599
136.750625,1.049591,0.310859,1.476744,0.039903,-0.019818,0.008771,0.48087
136.800625,1.055689,0.287228,1.477066,0.038448,-0.0204,0.008792,0.49539
136.850625,1.061274,0.262736,1.477385,0.036777,-0.020977,0.008818,0.50945
136.900625,1.066335,0.237429,1.4777,0.034902,-0.021553,0.008849,0.5229
136.950625,1.070859,0.211354,1.478013,0.032821,-0.022085,0.008884,0.53563
137.000625,1.074833,0.184567,1.478328,0.030591,-0.022606,0.008925,0.54755
137.050625,1.078246,0.157123,1.478642,0.028206,-0.02319,0.008968,0.55857
137.100625,1.081086,0.129086,1.478954,0.02564,-0.023794,0.009015,0.56859
137.150625,1.083338,0.100519,1.479271,0.022996,-0.02438,0.009062,0.57755
137.200625,1.084991,0.07149,1.47959,0.020282,-0.025022,0.00911,0.58542
137.250625,1.08603,0.042066,1.479908,0.017502,-0.02573,0.009155,0.59217
137.300625,1.08644,0.012317,1.480221,0.014677,-0.026376,0.009196,0.59779
137.350625,1.086206,-0.017685,1.480518,0.011738,-0.027006,0.009232,0.60224
137.400625,1.085314,-0.047869,1.480806,0.008796,-0.027713,0.009264,0.60553
137.450625,1.083749,-0.078162,1.481086,0.005882,-0.028378,0.009291,0.60769
137.500625,1.081497,-0.108492,1.481348,0.002854,-0.029103,0.009312,0.60872
137.550625,1.078541,-0.138785,1.481588,-0.000209,-0.02981,0.009334,0.60862
137.600625,1.074867,-0.168966,1.481814,-0.003316,-0.030661,0.009356,0.60742
137.650625,1.070454,-0.19896,1.482022,-0.006437,-0.031559,0.00938,0.60516
137.700625,1.065283,-0.228692,1.482215,-0.009652,-0.032551,0.009407,0.60187
137.750625,1.059331,-0.258084,1.482391,-0.013036,-0.033602,0.00944,0.59756
137.800625,1.052575,-0.287055,1.482552,-0.016477,-0.034849,0.009483,0.59229
137.850625,1.044986,-0.315523,1.482704,-0.020147,-0.036217,0.009541,0.58611
137.900625,1.036533,-0.3434,1.482837,-0.024106,-0.037513,0.009604,0.57903
137.950625,1.027186,-0.370592,1.482946,-0.028292,-0.038594,0.009665,0.57104
138.000625,1.016923,-0.397,1.483035,-0.032641,-0.039397,0.009717,0.5622
138.050625,1.005723,-0.422521,1.483114,-0.03711,-0.039892,0.009763,0.55256
138.100625,0.993579,-0.447047,1.483188,-0.041754,-0.039973,0.009802,0.54219
138.150625,0.980488,-0.470471,1.483257,-0.046407,-0.039773,0.009841,0.53118
138.200625,0.966459,-0.492682,1.483326,-0.051015,-0.039287,0.009881,0.51972
138.250625,0.951505,-0.513571,1.483387,-0.055554,-0.038606,0.009919,0.50804
138.300625,0.935644,-0.533033,1.483437,-0.060038,-0.037766,0.009953,0.49643
138.350625,0.918899,-0.550963,1.483476,-0.064394,-0.036878,0.009992,0.4852
138.400625,0.901294,-0.56726,1.483513,-0.0685,-0.035977,0.010044,0.47482
138.450625,0.882851,-0.581827,1.483549,-0.072298,-0.035061,0.01011,0.4658
138.500625,0.863595,-0.594579,1.483577,-0.075817,-0.034091,0.010185,0.45865
138.550625,0.843552,-0.605435,1.483595,-0.079018,-0.033081,0.010271,0.45387
138.600625,0.822748,-0.614324,1.483597,-0.081876,-0.032085,0.01037,0.45191
138.650625,0.801208,-0.621182,1.483584,-0.084437,-0.03118,0.010483,0.4532
138.700625,0.778958,-0.625954,1.483557,-0.086661,-0.030277,0.010599,0.45802
138.750625,0.75602,-0.628591,1.483513,-0.088555,-0.029421,0.010718,0.46652
138.800625,0.732418,-0.629056,1.483446,-0.090043,-0.028611,0.010838,0.47871
138.850625,0.708173,-0.627319,1.483352,-0.091206,-0.027866,0.010958,0.49447
138.900625,0.683306,-0.623362,1.48322,-0.092017,-0.027124,0.011068,0.51355
138.950625,0.657838,-0.61717,1.483055,-0.092582,-0.02634,0.011164,0.5356
139.000625,0.631789,-0.60874,1.482853,-0.092754,-0.02563,0.011259,0.56023
139.050625,0.60518,-0.598076,1.482612,-0.092518,-0.024735,0.011332,0.58699
139.100625,0.578035,-0.585191,1.482336,-0.091708,-0.023791,0.011393,0.61537
139.150625,0.550379,-0.570115,1.482026,-0.090465,-0.022824,0.011437,0.64492
139.200625,0.52224,-0.552886,1.481684,-0.088659,-0.021784,0.011466,0.67515
139.250625,0.493645,-0.533558,1.481303,-0.086276,-0.020644,0.011476,0.7056
139.300625,0.464626,-0.512199,1.480874,-0.083297,-0.019445,0.011468,0.73579
139.350625,0.435216,-0.488892,1.48039,-0.079743,-0.018217,0.011442,0.76531
139.400625,0.405448,-0.463731,1.479855,-0.07574,-0.016906,0.011392,0.79379
139.450625,0.375356,-0.436822,1.479273,-0.071345,-0.015616,0.011327,0.82091
139.500625,0.344976,-0.408279,1.478654,-0.06669,-0.014338,0.011252,0.84642
139.550625,0.314341,-0.378224,1.478002,-0.061806,-0.013165,0.011174,0.87013
139.600625,0.283484,-0.346783,1.477331,-0.056834,-0.012012,0.011093,0.89192
139.650625,0.252435,-0.314082,1.476644,-0.051793,-0.010937,0.011013,0.91168
139.700625,0.221224,-0.28025,1.47595,-0.04671,-0.009884,0.010935,0.92936
139.750625,0.189879,-0.245418,1.475252,-0.041607,-0.008865,0.010861,0.94488
139.800625,0.158426,-0.209715,1.474553,-0.036475,-0.007868,0.010794,0.95822
139.850625,0.126894,-0.173269,1.473859,-0.031301,-0.006859,0.010733,0.96933
139.900625,0.095308,-0.136211,1.473181,-0.026101,-0.0058,0.010674,0.97817
139.950625,0.063696,-0.098671,1.472526,-0.020862,-0.00468,0.010615,0.9847
140.000625,0.032088,-0.060779,1.471902,-0.015557,-0.003556,0.010551,0.98886
140.050625,0.000511,-0.022666,1.471318,-0.010131,-0.002421,0.010482,0.99063
140.100625,-0.031003,0.015533,1.470776,-0.00444,-0.001207,0.010418,0.98991
140.150625,-0.062425,0.05368,1.470276,0.001118,-4.5e-05,0.010362,0.98668
140.200625,-0.093726,0.09164,1.469825,0.006629,0.000997,0.010319,0.98103
140.250625,-0.124879,0.129279,1.469421,0.012141,0.002094,0.010283,0.97297
140.300625,-0.155856,0.166463,1.469064,0.017597,0.003057,0.010257,0.96257
140.350625,-0.186633,0.203061,1.468745,0.022987,0.00409,0.010239,0.94987
140.400625,-0.217186,0.238945,1.468463,0.028232,0.005045,0.010228,0.93496
140.450625,-0.24749,0.27399,1.468214,0.033347,0.006025,0.010223,0.91794
140.500625,-0.277522,0.308076,1.467992,0.038288,0.006971,0.010224,0.89891
140.550625,-0.307258,0.341086,1.467792,0.043139,0.007977,0.010231,0.87796
140.600625,-0.336676,0.372907,1.467615,0.047881,0.00887,0.010243,0.8552
140.650625,-0.365753,0.403429,1.467447,0.052436,0.009703,0.010261,0.83079
140.700625,-0.394471,0.432547,1.467284,0.056788,0.010354,0.010279,0.80491
140.750625,-0.422815,0.460162,1.467119,0.060794,0.010628,0.01029,0.77783
140.800625,-0.45078,0.486183,1.46695,0.063699,0.009962,0.01026,0.75014
140.850625,-0.478382,0.51055,1.466771,0.063833,0.009356,0.010258,0.72284
140.900625,-0.505637,0.533267,1.466576,0.061881,0.009643,0.010325,0.69666
140.950625,-0.532539,0.554384,1.466361,0.059686,0.010771,0.010445,0.6716
141.000625,-0.559065,0.573961,1.466119,0.058338,0.012531,0.010604,0.64725
141.050625,-0.585173,0.592036,1.46585,0.058524,0.014608,0.010782,0.623
141.100625,-0.610814,0.608612,1.465555,0.06044,0.016954,0.010983,0.5983
141.150625,-0.635934,0.623647,1.465232,0.063786,0.019352,0.011197,0.57272
141.200625,-0.660475,0.637069,1.464886,0.068229,0.021721,0.011421,0.54613
141.250625,-0.68438,0.648774,1.464522,0.073445,0.023865,0.01164,0.51864
141.300625,-0.707598,0.658643,1.464149,0.078948,0.025709,0.011848,0.49073
141.350625,-0.730084,0.666548,1.463766,0.084304,0.027312,0.012049,0.46313
141.400625,-0.7518,0.672366,1.46338,0.089166,0.028668,0.012242,0.43687
141.450625,-0.772715,0.675984,1.462994,0.09337,0.029804,0.012423,0.41316
141.500625,-0.792801,0.677307,1.462615,0.096707,0.030754,0.012588,0.39337
141.550625,-0.812037,0.67626,1.462249,0.099114,0.031504,0.012734,0.37885
141.600625,-0.830406,0.672793,1.461899,0.100631,0.032034,0.012855,0.37076
141.650625,-0.847898,0.666875,1.461565,0.101267,0.032387,0.012945,0.36982
141.700625,-0.864506,0.658501,1.461247,0.10088,0.032687,0.013015,0.37605
141.750625,-0.880226,0.647688,1.460945,0.099461,0.03292,0.01306,0.38878
141.800625,-0.895055,0.63448,1.460656,0.097208,0.033072,0.01308,0.40689
141.850625,-0.908993,0.618941,1.460385,0.094196,0.033148,0.013078,0.42909
141.900625,-0.922042,0.601155,1.460129,0.090337,0.033136,0.013054,0.45401
141.950625,-0.934206,0.581225,1.459883,0.085452,0.032944,0.012998,0.48034
142.000625,-0.945495,0.559282,1.459638,0.079707,0.032404,0.012896,0.50692
142.050625,-0.955927,0.535474,1.459393,0.073301,0.031549,0.012757,0.53281
142.100625,-0.965528,0.509966,1.459149,0.066346,0.030562,0.0126,0.55723
142.150625,-0.974328,0.482936,1.458894,0.05916,0.029491,0.012429,0.57957
142.200625,-0.982357,0.454567,1.458616,0.052008,0.0285,0.012255,0.59948
142.250625,-0.989645,0.425038,1.458315,0.045158,0.027522,0.012076,0.6168
142.300625,-0.996221,0.394522,1.457982,0.038602,0.026685,0.011893,0.63151
142.350625,-1.002109,0.363185,1.457612,0.032427,0.025983,0.011701,0.64362
142.400625,-1.007332,0.33118,1.45721,0.026657,0.025422,0.011501,0.65324
142.450625,-1.011908,0.29865,1.456785,0.021352,0.024913,0.011294,0.66051
142.500625,-1.015851,0.265728,1.456332,0.016426,0.024529,0.011082,0.66558
142.550625,-1.019176,0.232536,1.455855,0.011859,0.024209,0.010862,0.66859
142.600625,-1.021893,0.199185,1.455374,0.00764,0.023938,0.010642,0.6697
142.650625,-1.024013,0.16578,1.454898,0.003758,0.023676,0.010424,0.66905
142.700625,-1.025544,0.132417,1.454433,6.2e-05,0.023523,0.010215,0.66678
142.750625,-1.026493,0.099184,1.453986,-0.003435,0.023432,0.010017,0.66296
142.800625,-1.026865,0.066167,1.453559,-0.006736,0.023385,0.009831,0.65769
142.850625,-1.026665,0.033446,1.453153,-0.009848,0.023379,0.009655,0.65108
142.900625,-1.025895,0.001095,1.452771,-0.012768,0.023425,0.009486,0.64323
142.950625,-1.024557,-0.030815,1.452416,-0.015526,0.023499,0.00932,0.63423
143.000625,-1.022652,-0.06222,1.452085,-0.017999,0.023553,0.009164,0.62421
143.050625,-1.020181,-0.093061,1.451781,-0.020274,0.02355,0.009014,0.61332
143.100625,-1.017145,-0.123285,1.451499,-0.022378,0.023607,0.008868,0.60167
143.150625,-1.013547,-0.152843,1.45124,-0.024353,0.023719,0.008726,0.58934
143.200625,-1.009386,-0.18169,1.451007,-0.026183,0.023959,0.008593,0.57644
143.250625,-1.004657,-0.209783,1.450812,-0.027991,0.024294,0.008473,0.56306
143.300625,-0.999355,-0.23708,1.450653,-0.029813,0.024833,0.008367,0.54925
143.350625,-0.993468,-0.263542,1.450537,-0.03169,0.025502,0.008277,0.53507
143.400625,-0.986982,-0.289124,1.450465,-0.0336,0.02626,0.008204,0.52059
143.450625,-0.979882,-0.313783,1.450437,-0.035547,0.027065,0.008151,0.50588
143.500625,-0.97215,-0.337475,1.450464,-0.037708,0.027724,0.008116,0.49101
143.550625,-0.963772,-0.36015,1.450549,-0.040125,0.028145,0.008099,0.47595
143.600625,-0.95474,-0.381752,1.450693,-0.042724,0.028273,0.008107,0.46069
143.650625,-0.945056,-0.402223,1.450892,-0.045329,0.027951,0.008147,0.44527
143.700625,-0.934729,-0.421503,1.451138,-0.047764,0.027034,0.008223,0.42976
143.750625,-0.923784,-0.439539,1.451434,-0.049886,0.02566,0.008322,0.4143
143.800625,-0.912258,-0.456281,1.451776,-0.051675,0.023855,0.008442,0.39904
143.850625,-0.900197,-0.471693,1.452166,-0.053099,0.021758,0.00857,0.38412
143.900625,-0.887654,-0.485744,1.452591,-0.054147,0.01947,0.008706,0.3697
143.950625,-0.874689,-0.498416,1.453036,-0.054748,0.017098,0.008854,0.35598
144.000625,-0.861359,-0.509699,1.453499,-0.054924,0.014692,0.009012,0.34313
144.050625,-0.847725,-0.519594,1.453974,-0.054707,0.012318,0.009167,0.33132
144.100625,-0.833848,-0.528113,1.454453,-0.054191,0.01001,0.00931,0.32068
144.150625,-0.819782,-0.535274,1.454924,-0.053253,0.007966,0.009428,0.31135
144.200625,-0.805581,-0.541107,1.455378,-0.051869,0.006014,0.009527,0.30345
144.250625,-0.79129,-0.545649,1.455813,-0.05008,0.004322,0.009609,0.29705
144.300625,-0.776951,-0.54895,1.456231,-0.04799,0.002817,0.009679,0.29213
144.350625,-0.762601,-0.551065,1.456624,-0.045602,0.001613,0.009729,0.28866
144.400625,-0.748269,-0.552058,1.456988,-0.042914,0.000586,0.009765,0.28652
144.450625,-0.733979,-0.551997,1.457331,-0.040168,-0.000225,0.009781,0.28554
144.500625,-0.71975,-0.550955,1.457645,-0.037321,-0.000819,0.009777,0.28553
144.550625,-0.705597,-0.549002,1.457935,-0.034625,-0.001268,0.00976,0.2863
144.600625,-0.691528,-0.54621,1.458198,-0.031987,-0.001562,0.009736,0.28769
144.650625,-0.677551,-0.542644,1.458439,-0.029497,-0.001746,0.009706,0.28952
144.700625,-0.663668,-0.538369,1.45865,-0.027155,-0.001809,0.009671,0.29167
144.750625,-0.649882,-0.533445,1.458824,-0.024933,-0.001787,0.009633,0.29403
144.800625,-0.63619,-0.527927,1.458983,-0.022881,-0.001704,0.009595,0.29653
144.850625,-0.62259,-0.521868,1.459131,-0.020932,-0.001582,0.009561,0.29908
144.900625,-0.609077,-0.515317,1.459261,-0.019122,-0.001425,0.009537,0.30162
144.950625,-0.595648,-0.50832,1.459384,-0.017446,-0.001245,0.00952,0.3041
145.000625,-0.582298,-0.50092,1.459505,-0.015843,-0.001079,0.00951,0.30648
145.050625,-0.569021,-0.493158,1.45962,-0.014299,-0.000909,0.009507,0.30871
145.100625,-0.555814,-0.485071,1.459735,-0.012866,-0.000777,0.009511,0.31074
145.150625,-0.542672,-0.476696,1.459851,-0.01156,-0.000628,0.009523,0.31259
145.200625,-0.529591,-0.468067,1.459967,-0.010335,-0.000504,0.009541,0.31423
145.250625,-0.516568,-0.459213,1.460094,-0.009191,-0.000404,0.00957,0.31565
145.300625,-0.5036,-0.450165,1.460219,-0.008104,-0.000321,0.00961,0.31685
145.350625,-0.490684,-0.440948,1.460344,-0.007114,-0.000271,0.009654,0.31782
145.400625,-0.477819,-0.431588,1.460471,-0.006196,-0.000265,0.009701,0.31854
145.450625,-0.465005,-0.422109,1.460598,-0.005287,-0.000361,0.00975,0.31901
145.500625,-0.452243,-0.412532,1.460727,-0.004506,-0.00049,0.009798,0.31921
145.550625,-0.439536,-0.402876,1.460859,-0.003746,-0.000556,0.009845,0.31915
145.600625,-0.426885,-0.393162,1.460995,-0.003079,-0.00071,0.009889,0.31884
145.650625,-0.414294,-0.383406,1.46114,-0.002469,-0.000904,0.009927,0.31829
145.700625,-0.401767,-0.373622,1.4613,-0.001911,-0.001104,0.009955,0.3175
145.750625,-0.389309,-0.363824,1.461466,-0.0014,-0.001259,0.009979,0.31648
145.800625,-0.376923,-0.354026,1.461639,-0.000919,-0.001504,0.010002,0.31524
145.850625,-0.364615,-0.344238,1.461819,-0.000445,-0.001751,0.010021,0.31378
145.900625,-0.35239,-0.334473,1.462,-3.8e-05,-0.001952,0.01004,0.31209
145.950625,-0.340253,-0.324741,1.462178,0.00034,-0.002218,0.010056,0.3102
146.000625,-0.32821,-0.31505,1.462347,0.000661,-0.0025,0.010068,0.30812
146.050625,-0.316267,-0.305408,1.462506,0.000941,-0.002782,0.010082,0.30584
146.100625,-0.304432,-0.295823,1.462659,0.001215,-0.003146,0.010097,0.30336
146.150625,-0.292712,-0.286299,1.462806,0.001369,-0.003435,0.010114,0.3007
146.200625,-0.281114,-0.276843,1.462952,0.001558,-0.003753,0.010133,0.29788
146.250625,-0.269646,-0.267457,1.463107,0.00172,-0.004147,0.010152,0.29489
146.300625,-0.258316,-0.258146,1.463288,0.001857,-0.004547,0.010172,0.29172
146.350625,-0.247134,-0.248913,1.463492,0.001958,-0.004956,0.0102,0.28836
146.400625,-0.23611,-0.239759,1.46372,0.001992,-0.005408,0.010236,0.28484
146.450625,-0.225254,-0.230687,1.463979,0.002007,-0.005874,0.010272,0.28116
146.500625,-0.214577,-0.221695,1.464269,0.002021,-0.006371,0.010308,0.2773
146.550625,-0.20409,-0.212784,1.464589,0.00206,-0.006906,0.010341,0.27327
146.600625,-0.193806,-0.203956,1.464933,0.002186,-0.007557,0.01037,0.26901
146.650625,-0.18374,-0.195212,1.465307,0.002343,-0.008223,0.010397,0.26449
146.700625,-0.173907,-0.186557,1.465709,0.002571,-0.008936,0.010418,0.25967
146.750625,-0.164325,-0.177996,1.466139,0.002867,-0.009567,0.010443,0.25455
146.800625,-0.155007,-0.169537,1.466592,0.003297,-0.010168,0.010466,0.24913
146.850625,-0.145967,-0.161188,1.46707,0.003822,-0.010658,0.010494,0.24338
146.900625,-0.137216,-0.152965,1.46757,0.004461,-0.010992,0.010528,0.23734
146.950625,-0.128761,-0.14488,1.468098,0.005132,-0.011248,0.010566,0.23101
147.000625,-0.120608,-0.13695,1.46865,0.005883,-0.011382,0.010608,0.22442
147.050625,-0.112757,-0.129194,1.469226,0.006557,-0.011383,0.010649,0.21759
147.100625,-0.105209,-0.121626,1.469825,0.007169,-0.011285,0.010688,0.2106
147.150625,-0.097959,-0.114261,1.470444,0.00763,-0.011009,0.010722,0.20353
147.200625,-0.091,-0.10711,1.471087,0.00805,-0.010649,0.010756,0.19644
147.250625,-0.084321,-0.100182,1.471747,0.008372,-0.010095,0.010787,0.18942
147.300625,-0.077908,-0.093483,1.47243,0.008583,-0.009451,0.010813,0.18254
147.350625,-0.071744,-0.087019,1.473129,0.008727,-0.008692,0.010837,0.17586
147.400625,-0.06581,-0.080791,1.473831,0.008794,-0.00795,0.01086,0.1694
147.450625,-0.060088,-0.074801,1.474526,0.008801,-0.007353,0.010881,0.16317
147.500625,-0.054561,-0.069046,1.47521,0.008713,-0.006799,0.010899,0.15718
147.550625,-0.049216,-0.063525,1.475886,0.008525,-0.00635,0.010917,0.15144
147.600625,-0.044041,-0.058232,1.476558,0.008299,-0.006019,0.010936,0.14592
147.650625,-0.039027,-0.05316,1.477218,0.008037,-0.005663,0.010956,0.14062
147.700625,-0.034166,-0.048302,1.477868,0.007745,-0.005433,0.010977,0.13554
147.750625,-0.029451,-0.043651,1.478504,0.007431,-0.005267,0.010999,0.13064
147.800625,-0.024877,-0.039197,1.479106,0.007105,-0.00518,0.011018,0.12588
147.850625,-0.020443,-0.034932,1.47967,0.006801,-0.00511,0.011038,0.12128
147.900625,-0.016145,-0.030849,1.480199,0.006521,-0.005111,0.011057,0.11681
147.950625,-0.011984,-0.026939,1.480691,0.00622,-0.005155,0.011074,0.11245
148.000625,-0.00796,-0.023194,1.481146,0.005944,-0.005215,0.011091,0.10818
148.050625,-0.004075,-0.019609,1.481567,0.005744,-0.005335,0.011111,0.10398
148.100625,-0.00033,-0.016176,1.481949,0.005561,-0.005459,0.011131,0.0998
148.150625,0.003271,-0.012892,1.482294,0.005387,-0.005578,0.01115,0.09565
148.200625,0.006726,-0.00975,1.4826,0.005221,-0.005691,0.01117,0.09153
148.250625,0.010033,-0.006748,1.482869,0.005062,-0.0058,0.011189,0.08745
148.300625,0.013189,-0.003881,1.4831,0.00491,-0.005903,0.011209,0.08338
148.350625,0.016193,-0.001144,1.483293,0.004763,-0.006006,0.011228,0.07935
148.400625,0.019042,0.001467,1.483429,0.004641,-0.006083,0.011256,0.07533
148.450625,0.021736,0.003954,1.483501,0.004555,-0.006182,0.011291,0.07135
148.500625,0.024271,0.006321,1.483525,0.004469,-0.006238,0.011331,0.06739
148.550625,0.026647,0.008569,1.483508,0.004393,-0.006253,0.011373,0.06348
148.600625,0.028865,0.010702,1.483453,0.004319,-0.006256,0.011414,0.05961
148.650625,0.030924,0.012721,1.483362,0.004247,-0.006259,0.011454,0.0558
148.700625,0.032825,0.014627,1.483236,0.004179,-0.006261,0.011494,0.05204
148.750625,0.034568,0.016425,1.483074,0.004114,-0.006253,0.011534,0.04833
148.800625,0.036155,0.018114,1.48289,0.004028,-0.006101,0.011575,0.04469
148.850625,0.037588,0.019698,1.482702,0.003978,-0.005943,0.011617,0.0411
148.900625,0.038873,0.021177,1.482529,0.003933,-0.005732,0.011658,0.03762
148.950625,0.040015,0.022555,1.482366,0.003863,-0.005462,0.011697,0.03428
149.000625,0.041021,0.023832,1.482209,0.003788,-0.005236,0.011733,0.03106
149.050625,0.041896,0.025011,1.482066,0.003702,-0.005028,0.011764,0.02797
149.100625,0.042647,0.026094,1.481944,0.003582,-0.004756,0.011788,0.02502
149.150625,0.04328,0.027085,1.481842,0.003476,-0.004498,0.011802,0.02222
149.200625,0.043802,0.027986,1.481765,0.003388,-0.004264,0.011805,0.01958
149.250625,0.044219,0.0288,1.481718,0.003292,-0.00403,0.011806,0.01709
149.300625,0.044537,0.02953,1.481702,0.003169,-0.003774,0.011802,0.0148
149.350625,0.044762,0.030179,1.481715,0.003034,-0.003512,0.011794,0.01274
149.400625,0.044901,0.030751,1.481759,0.002918,-0.003275,0.011784,0.01092
149.450625,0.044961,0.031249,1.481824,0.002787,-0.003065,0.01178,0.00935
149.500625,0.044946,0.031675,1.481898,0.002678,-0.002819,0.011782,0.00807
149.550625,0.044863,0.032035,1.481988,0.002526,-0.002572,0.011794,0.00719
149.600625,0.044718,0.03233,1.482087,0.002405,-0.002352,0.011813,0.00664
149.650625,0.044516,0.032565,1.482185,0.002299,-0.002095,0.011835,0.00644
149.700625,0.044265,0.032743,1.482283,0.00216,-0.001891,0.011861,0.00656
149.750625,0.043968,0.032866,1.482377,0.001974,-0.001626,0.011887,0.00687
149.800625,0.043634,0.032941,1.482458,0.001827,-0.001385,0.011912,0.00724
149.850625,0.043267,0.03297,1.482509,0.001693,-0.001129,0.011935,0.00766
149.900625,0.042874,0.032957,1.48254,0.001492,-0.000893,0.011957,0.00813
149.950625,0.04246,0.032908,1.48256,0.001285,-0.000695,0.011983,0.00855
150.000625,0.042031,0.032828,1.482555,0.001,-0.000473,0.012014,0.00891
150.050625,0.041592,0.032723,1.482515,0.000731,-0.000265,0.012045,0.00921
150.100625,0.041149,0.0326,1.482442,0.000461,-5.2e-05,0.012076,0.00943
150.150625,0.040705,0.032466,1.482342,0.000215,0.000203,0.012107,0.00948
150.200625,0.040268,0.032328,1.48223,-3.8e-05,0.00045,0.01214,0.00938
150.250625,0.039843,0.032191,1.482097,-0.000137,0.000654,0.012175,0.00926
150.300625,0.039436,0.032058,1.481931,-0.000209,0.000835,0.012212,0.00914
150.350625,0.039049,0.031931,1.481731,-0.000276,0.001006,0.012247,0.00901
150.400625,0.038689,0.031811,1.481496,-0.00035,0.001161,0.012282,0.00885
150.450625,0.038357,0.0317,1.481231,-0.000497,0.001231,0.012313,0.00872
150.500625,0.038057,0.031602,1.480932,-0.000652,0.001281,0.012342,0.00867
150.550625,0.037788,0.031521,1.480607,-0.000698,0.001226,0.012377,0.00855
150.600625,0.037551,0.031457,1.480265,-0.000729,0.001242,0.012418,0.00829
150.650625,0.037343,0.031412,1.479914,-0.000682,0.0011,0.012458,0.0082
150.700625,0.037163,0.031384,1.479543,-0.00058,0.00098,0.012493,0.00834
150.750625,0.037007,0.03137,1.479152,-0.000504,0.000898,0.012519,0.00851
150.800625,0.036874,0.031369,1.478744,-0.000451,0.000783,0.012533,0.00862
150.850625,0.03676,0.031379,1.478328,-0.000355,0.000696,0.012536,0.00864
150.900625,0.036663,0.031398,1.477909,-0.000265,0.000612,0.012527,0.00855
150.950625,0.036581,0.031424,1.477495,-0.000214,0.000507,0.012514,0.00835
151.000625,0.036513,0.031455,1.477089,-0.000137,0.000432,0.012499,0.00818
151.050625,0.036454,0.031489,1.476689,-3e-05,0.000334,0.012483,0.00807
151.100625,0.036405,0.031525,1.476295,-1.3e-05,0.000265,0.012468,0.00786
151.150625,0.036362,0.03156,1.475913,1.3e-05,0.000226,0.012453,0.00759
151.200625,0.036324,0.031595,1.475545,9.4e-05,0.000181,0.012442,0.00723
151.250625,0.036291,0.031628,1.475199,0.000143,9e-05,0.012438,0.0067
151.300625,0.03626,0.031657,1.474882,0.000198,1.1e-05,0.012441,0.0061
151.350625,0.03623,0.031681,1.474595,0.000261,-5.4e-05,0.01245,0.00545
151.400625,0.036199,0.031699,1.474343,0.000337,-0.0001,0.012459,0.00472
151.450625,0.036166,0.031708,1.474127,0.000407,-0.000144,0.012468,0.00405
151.500625,0.036129,0.031708,1.473942,0.000417,-0.000175,0.012479,0.00352
151.550625,0.036088,0.031697,1.473779,0.000352,-0.000179,0.012494,0.00327
151.600625,0.036043,0.031677,1.473626,0.00034,-0.000177,0.012511,0.00316
151.650625,0.035994,0.03165,1.473479,0.000258,-0.00017,0.01253,0.00316
151.700625,0.035941,0.031616,1.473333,0.000279,-0.000185,0.012549,0.00323
151.750625,0.035884,0.031575,1.473182,0.000204,-0.000172,0.01257,0.00347
151.800625,0.035823,0.031529,1.47301,0.000262,-0.000166,0.01259,0.00411
151.850625,0.035758,0.031477,1.472805,0.000299,-0.000133,0.012613,0.0047
151.900625,0.03569,0.031417,1.472576,0.000353,-0.000118,0.012643,0.00515
151.950625,0.035619,0.03135,1.472326,0.000321,-8.4e-05,0.012681,0.00559
152.000625,0.035547,0.031274,1.472049,0.00027,-0.000132,0.012719,0.00624
152.050625,0.035472,0.031192,1.471742,0.000243,-0.000162,0.012755,0.0068
152.100625,0.035393,0.031105,1.471416,0.000194,-0.000141,0.012782,0.00698
152.150625,0.035311,0.031013,1.471087,0.000146,-0.000167,0.012804,0.00715
152.200625,0.035225,0.030917,1.470746,0.000156,-0.000182,0.012816,0.00737
152.250625,0.035135,0.030818,1.470404,0.000147,-0.00023,0.012824,0.00731
152.300625,0.035039,0.030715,1.470067,7.9e-05,-0.000241,0.01283,0.0073
152.350625,0.034939,0.030611,1.469731,5.1e-05,-0.000216,0.012836,0.00731
152.400625,0.034833,0.030506,1.469399,4.1e-05,-0.000208,0.012843,0.00728
152.450625,0.034722,0.0304,1.46907,5e-06,-0.000202,0.012849,0.00722
152.500625,0.034607,0.030294,1.468748,-4.7e-05,-0.000151,0.012856,0.00711
152.550625,0.034488,0.03019,1.468435,-5.5e-05,-0.000109,0.012864,0.00688
152.600625,0.034367,0.030087,1.468135,-5e-05,-0.000147,0.012875,0.00671
152.650625,0.034243,0.029985,1.467846,-3.9e-05,-0.000127,0.012886,0.00645
152.700625,0.034116,0.029885,1.467577,-4e-05,-8e-05,0.012903,0.00612
152.750625,0.033988,0.029786,1.467321,-4.6e-05,-8.3e-05,0.012922,0.00604
152.800625,0.033858,0.029689,1.46707,-8.6e-05,-5.6e-05,0.012942,0.00591
152.850625,0.033727,0.029594,1.466831,-6.4e-05,-2.9e-05,0.012961,0.00562
152.900625,0.033595,0.029501,1.466609,-3.2e-05,-6.3e-05,0.012981,0.00537
152.950625,0.033463,0.029409,1.466398,-5.9e-05,-3.8e-05,0.013,0.00526
153.000625,0.03333,0.029318,1.466193,-2e-06,-3e-05,0.013018,0.00518
153.050625,0.033196,0.029228,1.465989,1.2e-05,-1e-05,0.013033,0.00525
153.100625,0.033063,0.029138,1.465778,1.5e-05,-3.3e-05,0.013045,0.00535
153.150625,0.032929,0.029048,1.465561,3.8e-05,1.8e-05,0.013054,0.00552
153.200625,0.032796,0.028957,1.465325,5.1e-05,-4e-06,0.013056,0.00592
153.250625,0.032664,0.028865,1.465071,1.8e-05,-4e-06,0.013052,0.00607
153.300625,0.032531,0.028773,1.464815,0.0001,-2.9e-05,0.013047,0.00603
153.350625,0.032399,0.028679,1.464562,4.4e-05,-2.5e-05,0.013044,0.00597
153.400625,0.032266,0.028584,1.464317,8e-06,-1.9e-05,0.013045,0.00575
153.450625,0.032133,0.028489,1.464086,3e-06,5e-06,0.013051,0.00558
153.500625,0.032001,0.028394,1.463862,-2.2e-05,1.9e-05,0.01306,0.00548
153.550625,0.03187,0.028301,1.463645,-7.6e-05,6.6e-05,0.013072,0.00534
153.600625,0.03174,0.028209,1.463435,-4e-05,8.7e-05,0.013086,0.0052
153.650625,0.031613,0.028118,1.46323,2.5e-05,6.2e-05,0.013103,0.00513
153.700625,0.031488,0.028027,1.463026,8e-06,5.4e-05,0.013121,0.0051
153.750625,0.031365,0.027937,1.462823,3e-05,5.8e-05,0.013142,0.00508
153.800625,0.031243,0.027845,1.46262,7.6e-05,4.2e-05,0.013164,0.00506
153.850625,0.031123,0.027753,1.462417,4.3e-05,3.5e-05,0.013186,0.00509
153.900625,0.031004,0.027659,1.462206,5.9e-05,3.1e-05,0.013208,0.00528
153.950625,0.030887,0.027564,1.461985,6.1e-05,5.7e-05,0.013229,0.0054
154.000625,0.030771,0.027469,1.461758,5e-06,7.3e-05,0.013249,0.00547
154.050625,0.030657,0.027373,1.461527,6.7e-05,4e-05,0.013268,0.00551
154.100625,0.030545,0.027276,1.461296,0.000112,1.4e-05,0.013287,0.00546
154.150625,0.030433,0.027177,1.46107,6.4e-05,2.2e-05,0.013305,0.00536
154.200625,0.030322,0.027076,1.460854,6.1e-05,3.1e-05,0.013322,0.00516
154.250625,0.030212,0.026974,1.46065,7e-05,4.5e-05,0.013337,0.00493
154.300625,0.030104,0.026871,1.460461,5.5e-05,4.5e-05,0.013348,0.00472
154.350625,0.029997,0.026767,1.460284,7.7e-05,5.9e-05,0.013355,0.00453
154.400625,0.029892,0.02666,1.46012,0.00014,3.4e-05,0.013364,0.00436
154.450625,0.029788,0.026552,1.45997,0.000109,4.5e-05,0.013371,0.00413
154.500625,0.029686,0.02644,1.459841,0.000147,4.8e-05,0.013375,0.00382
154.550625,0.029585,0.026325,1.459742,0.000137,8.4e-05,0.013375,0.00351
154.600625,0.029487,0.026208,1.459659,0.000106,9.5e-05,0.013379,0.00349
154.650625,0.02939,0.026088,1.459577,9.6e-05,5.9e-05,0.013384,0.00346
154.700625,0.029296,0.025966,1.459501,0.000119,7.1e-05,0.01339,0.00339
154.750625,0.029204,0.025842,1.459437,0.000112,6.4e-05,0.013399,0.00332
154.800625,0.029114,0.025716,1.459382,7.8e-05,4.5e-05,0.01341,0.00328
154.850625,0.029025,0.025587,1.459332,0.000116,2e-05,0.013422,0.00326
154.900625,0.028937,0.025457,1.459288,7.3e-05,8e-06,0.013436,0.00328
154.950625,0.028849,0.025325,1.459244,5.6e-05,-3.1e-05,0.01345,0.00329
155.000625,0.028761,0.025192,1.459202,6e-05,-3.6e-05,0.013466,0.00331
155.050625,0.028673,0.025058,1.459157,4e-05,-9e-05,0.013483,0.00341
155.100625,0.028582,0.024924,1.459049,1.5e-05,-6.1e-05,0.013498,0.00515
155.150625,0.02849,0.024789,1.45865,-1.8e-05,-6.9e-05,0.013514,0.01366
155.200625,0.028397,0.024656,1.457573,-4.7e-05,-8.1e-05,0.013529,0.03161
155.250625,0.028302,0.024523,1.455335,-6.7e-05,-0.000103,0.013543,0.05985
155.300625,0.028206,0.024393,1.451453,-4.4e-05,-0.000152,0.013559,0.09675
155.350625,0.028105,0.024264,1.445574,-4.2e-05,-0.000185,0.013575,0.13925
155.400625,0.028002,0.024136,1.43747,-6.9e-05,-0.000203,0.01359,0.1855
155.450625,0.027894,0.02401,1.426978,-9.5e-05,-0.000217,0.013606,0.23465
155.500625,0.027781,0.023887,1.414007,-0.000108,-0.000216,0.013621,0.28387
155.550625,0.027664,0.023766,1.398653,-0.000117,-0.000216,0.013636,0.32962
155.600625,0.027543,0.023649,1.381119,-0.00013,-0.000214,0.01365,0.37106
155.650625,0.027417,0.023534,1.361622,-8.9e-05,-0.000241,0.013664,0.40816
155.700625,0.027286,0.023422,1.340376,-3.2e-05,-0.000268,0.013679,0.44103
155.750625,0.02715,0.02331,1.317589,3.8e-05,-0.000287,0.013694,0.46978
155.800625,0.027007,0.023199,1.293464,6.2e-05,-0.000274,0.013709,0.49462
155.850625,0.026859,0.023086,1.268191,7e-05,-0.000254,0.013724,0.51573
155.900625,0.026705,0.022972,1.241951,7.7e-05,-0.000243,0.013738,0.53329
155.950625,0.026546,0.022856,1.214919,7.6e-05,-0.00023,0.013751,0.54752
156.000625,0.026382,0.022739,1.187252,6.7e-05,-0.00021,0.013765,0.55869
156.050625,0.026214,0.022621,1.159097,5e-05,-0.000175,0.013779,0.5671
156.100625,0.026042,0.022502,1.130586,4.6e-05,-0.000165,0.013793,0.573
156.150625,0.025866,0.022382,1.101836,3.8e-05,-0.000135,0.013806,0.57668
156.200625,0.025688,0.022261,1.072953,4.9e-05,-0.000106,0.013819,0.57839
156.250625,0.025508,0.02214,1.044027,6.2e-05,-7.2e-05,0.013833,0.57837
156.300625,0.025327,0.022018,1.015137,0.000116,-4e-05,0.013848,0.57702
156.350625,0.025146,0.021893,0.986346,0.000108,1.4e-05,0.013864,0.57456
156.400625,0.024966,0.021766,0.957707,0.000186,2.2e-05,0.013881,0.57093
156.450625,0.024787,0.021635,0.92926,0.000246,2.4e-05,0.013899,0.56679
156.500625,0.024609,0.021499,0.901049,0.000191,1.2e-05,0.013918,0.56164
156.550625,0.024432,0.021358,0.873098,0.000128,-1e-06,0.013937,0.5564
156.600625,0.024256,0.021215,0.84543,0.000115,7.1e-05,0.013952,0.55021
156.650625,0.024082,0.021069,0.818084,0.00011,0.000167,0.013967,0.54365
156.700625,0.023913,0.020921,0.791066,0.000106,0.00026,0.013981,0.53712
156.750625,0.023752,0.020771,0.764373,0.000103,0.000348,0.013994,0.53063
156.800625,0.023599,0.02062,0.738004,9.9e-05,0.000433,0.014008,0.52418
156.850625,0.023458,0.020466,0.711956,9.6e-05,0.000514,0.014022,0.51777
156.900625,0.02333,0.020311,0.686227,9.3e-05,0.000591,0.014035,0.51141
156.950625,0.023216,0.020155,0.660814,7.2e-05,0.000634,0.014049,0.50524
157.000625,0.023119,0.019997,0.635686,3.4e-05,0.000531,0.014062,0.50004
157.050625,0.023035,0.01984,0.610806,3e-06,0.000407,0.014074,0.49519
157.100625,0.022961,0.019683,0.586168,-2.6e-05,0.000288,0.014085,0.49039
157.150625,0.022895,0.019527,0.561764,-6.4e-05,0.000232,0.014096,0.48594
157.200625,0.022835,0.019374,0.537557,-0.000106,0.000362,0.014105,0.48244
157.250625,0.022784,0.019223,0.513518,-0.000145,0.000513,0.014114,0.47914
157.300625,0.022746,0.019077,0.489644,-0.000181,0.000659,0.014123,0.47587
157.350625,0.022723,0.018937,0.46592,-0.000197,0.00068,0.014129,0.4733
157.400625,0.022718,0.018801,0.442303,-0.000216,0.000587,0.014135,0.47142
157.450625,0.022726,0.018672,0.418778,-0.000235,0.000489,0.01414,0.46961
157.500625,0.022747,0.018549,0.395339,-0.00026,0.00045,0.014144,0.46819
157.550625,0.022778,0.018434,0.371944,-0.000291,0.000553,0.014148,0.46769
157.600625,0.022823,0.018325,0.348569,-0.000321,0.000668,0.014152,0.46731
157.650625,0.022884,0.018226,0.32521,-0.000307,0.000725,0.014154,0.46716
157.700625,0.022962,0.018134,0.301845,-0.000277,0.000625,0.014154,0.46758
157.750625,0.023055,0.018049,0.278443,-0.000233,0.000597,0.014151,0.46855
157.800625,0.023162,0.017971,0.254989,-0.000186,0.000579,0.014149,0.46959
157.850625,0.023283,0.017898,0.231484,-0.000141,0.000563,0.014146,0.47063
157.900625,0.023417,0.017828,0.207927,-9.7e-05,0.000548,0.014143,0.47166
157.950625,0.023563,0.017762,0.184319,-5.8e-05,0.000529,0.014141,0.47274
158.000625,0.023722,0.017697,0.160647,-5e-06,0.000394,0.014141,0.47417
158.050625,0.02389,0.017633,0.1369,5.8e-05,0.000245,0.014146,0.47578
158.100625,0.024064,0.017567,0.113071,0.00012,0.000147,0.014156,0.47739
158.150625,0.024208,0.017513,0.098837,8.9e-05,7.1e-05,0.014165,0.02234
158.200625,0.024226,0.01751,0.099217,3.7e-05,3.4e-05,0.014165,0.00046
158.250625,0.024226,0.017512,0.0992,1.6e-05,1.8e-05,0.014165,0.00021
158.300625,0.024225,0.017513,0.099214,7e-06,1.3e-05,0.014165,0.00019
158.350625,0.024225,0.017514,0.099213,5e-06,1e-05,0.014166,0.00024
158.400625,0.024225,0.017514,0.09919,4e-06,8e-06,0.014166,0.00066
158.450625,0.024225,0.017514,0.099149,4e-06,8e-06,0.014166,0.00095
158.500625,0.024225,0.017514,0.099097,3e-06,8e-06,0.014167,0.00115
158.550625,0.024225,0.017514,0.099036,3e-06,8e-06,0.014167,0.00127
158.600625,0.024225,0.017514,0.09897,4e-06,8e-06,0.014168,0.00135
158.650625,0.024225,0.017514,0.098901,4e-06,8e-06,0.014168,0.00141
158.700625,0.024225,0.017514,0.09883,4e-06,8e-06,0.014168,0.00144
158.750625,0.024225,0.017514,0.098757,4e-06,9e-06,0.014169,0.00147
158.800625,0.024225,0.017514,0.098683,4e-06,9e-06,0.014169,0.00149
158.850625,0.024225,0.017514,0.098609,5e-06,9e-06,0.01417,0.00149
158.900625,0.024225,0.017514,0.098535,5e-06,9e-06,0.014171,0.00142
158.950625,0.024225,0.017514,0.098481,5e-06,9e-06,0.014171,0.00071
159.000625,0.024225,0.017514,0.098458,5e-06,8e-06,0.014172,0.00027
159.050625,0.024225,0.017514,0.09845,6e-06,9e-06,0.014172,9e-05
159.100625,0.024225,0.017514,0.098447,5e-06,1e-05,0.014172,3e-05
159.150625,0.024225,0.017514,0.098446,5e-06,1.1e-05,0.014172,1e-05
159.200625,0.024225,0.017514,0.098446,1e-06,1.5e-05,0.014173,1e-05
159.250625,0.024226,0.017515,0.098447,-5e-06,2e-05,0.014174,3e-05
159.300625,0.024226,0.017515,0.098448,-1e-05,2.4e-05,0.014175,3e-05
159.350625,0.024227,0.017516,0.098449,-1.3e-05,2.7e-05,0.014176,2e-05
159.400625,0.024227,0.017516,0.09845,-1.5e-05,2.9e-05,0.014176,1e-05
159.450625,0.024227,0.017516,0.09845,-1.6e-05,3e-05,0.014177,1e-05
159.500625,0.024227,0.017516,0.09845,-1.6e-05,3.2e-05,0.014178,1e-05
159.550625,0.024227,0.017516,0.098451,-1.7e-05,3.4e-05,0.01418,1e-05
159.600625,0.024227,0.017516,0.098451,-1.8e-05,3.4e-05,0.014181,1e-05
159.650625,0.024228,0.017516,0.098451,-1.9e-05,3.5e-05,0.014182,1e-05
159.700625,0.024228,0.017516,0.098452,-2e-05,3.7e-05,0.014183,1e-05
159.750625,0.024228,0.017517,0.098452,-2.1e-05,3.8e-05,0.014184,1e-05
159.800625,0.024228,0.017517,0.098453,-2.3e-05,3.9e-05,0.014185,1e-05
159.850625,0.024228,0.017517,0.098453,-2.4e-05,4.1e-05,0.014186,1e-05
159.900625,0.024228,0.017517,0.098453,-2.5e-05,4.3e-05,0.014188,1e-05
159.950625,0.024228,0.017517,0.098452,-2.3e-05,3.8e-05,0.014189,6e-05
160.000625,0.024227,0.017516,0.098449,-1.6e-05,2.7e-05,0.01419,6e-05
160.050625,0.024226,0.017516,0.098447,-1.1e-05,1.8e-05,0.014191,4e-05
160.100625,0.024226,0.017515,0.098446,-9e-06,1.2e-05,0.014193,2e-05
160.150625,0.024225,0.017515,0.098445,-7e-06,8e-06,0.014194,1e-05
160.200625,0.024225,0.017515,0.098445,-7e-06,7e-06,0.014195,1e-05
160.250625,0.024225,0.017515,0.098444,-7e-06,6e-06,0.014196,1e-05
160.300625,0.024225,0.017515,0.098444,-7e-06,6e-06,0.014198,0.0
160.350625,0.024225,0.017515,0.098444,-6e-06,5e-06,0.014199,0.0
160.400625,0.024225,0.017515,0.098444,-6e-06,5e-06,0.0142,0.0
160.450625,0.024225,0.017515,0.098405,-3e-06,2e-06,0.014201,0.00081
160.500625,0.024224,0.017515,0.098379,-1e-06,1e-06,0.014201,0.0003
160.550625,0.024224,0.017515,0.09837,-0.0,0.0,0.014201,0.0001
160.600625,0.024224,0.017515,0.098367,-0.0,0.0,0.014201,3e-05
160.650625,0.024224,0.017515,0.098366,-0.0,0.0,0.014201,1e-05
160.700625,0.024224,0.017515,0.098366,-0.0,0.0,0.014201,0.0
160.750625,0.024224,0.017515,0.098366,-0.0,0.0,0.014201,0.0
160.800625,0.024224,0.017515,0.098366,-0.0,0.0,0.014201,0.0
160.850625,0.024224,0.017515,0.098366,-0.0,0.0,0.014201,0.0
160.900625,0.024224,0.017515,0.098366,-0.0,0.0,0.014201,0.0
160.950625,0.024224,0.017515,0.098366,-0.0,0.0,0.014201,0.0
161.000625,0.024224,0.017515,0.098366,-0.0,0.0,0.014201,0.0
161.050625,0.024224,0.017515,0.098366,-0.0,0.0,0.014201,0.0
161.100625,0.024224,0.017515,0.098366,-0.0,0.0,0.014201,0.0
161.150625,0.024224,0.017515,0.098366,-0.0,0.0,0.014201,0.0
161.200625,0.024224,0.017515,0.098366,-0.0,0.0,0.014201,0.0
161.250625,0.024224,0.017515,0.098366,-0.0,0.0,0.014201,0.0
161.300625,0.024224,0.017515,0.098366,-0.0,0.0,0.014201,0.0
161.350625,0.024224,0.017515,0.098366,-0.0,0.0,0.014201,0.0
161.400625,0.024224,0.017515,0.098366,-0.0,0.0,0.014201,0.0
161.450625,0.024224,0.017515,0.098366,-0.0,0.0,0.014201,0.0
161.500625,0.024224,0.017515,0.098366,-0.0,0.0,0.014201,0.0
161.550625,0.024224,0.017515,0.098366,-0.0,0.0,0.014201,0.0
161.600625,0.024224,0.017515,0.098366,-0.0,0.0,0.014201,0.0
161.650625,0.024224,0.017515,0.098366,-0.0,0.0,0.014201,0.0
161.700625,0.024224,0.017515,0.098366,-0.0,-0.0,0.014201,0.0
161.750625,0.024224,0.017515,0.098366,-0.0,-0.0,0.014201,0.0
161.800625,0.024224,0.017515,0.098366,-0.0,-0.0,0.014201,0.0
161.850625,0.024224,0.017515,0.098366,-0.0,-0.0,0.014201,0.0
161.900625,0.024224,0.017515,0.098366,-0.0,-0.0,0.014201,0.0
161.950625,0.024224,0.017515,0.098366,-0.0,-0.0,0.014201,0.0
162.000625,0.024224,0.017515,0.098366,-0.0,-0.0,0.014201,0.0
162.050625,0.024224,0.017515,0.098366,-0.0,-0.0,0.014201,0.0
162.100625,0.024224,0.017515,0.098366,-0.0,-0.0,0.014201,0.0
162.150625,0.024224,0.017515,0.098366,-0.0,-0.0,0.014201,0.0
162.200625,0.024224,0.017515,0.098366,-0.0,-0.0,0.014201,0.0
162.250625,0.024224,0.017515,0.098366,-0.0,-0.0,0.014201,0.0
162.300625,0.024224,0.017515,0.098366,-0.0,-0.0,0.014201,0.0
162.350625,0.024224,0.017515,0.098366,-0.0,-0.0,0.014201,0.0
162.400625,0.024224,0.017515,0.098366,-0.0,-0.0,0.014201,0.0
162.450625,0.024224,0.017515,0.098366,-0.0,-0.0,0.014201,0.0
162.500625,0.024224,0.017515,0.098366,-0.0,-0.0,0.014201,0.0
162.550625,0.024224,0.017515,0.098366,-0.0,-0.0,0.014201,0.0
162.600625,0.024224,0.017515,0.098366,-0.0,-0.0,0.014201,0.0
162.650625,0.024224,0.017515,0.098366,-0.0,-0.0,0.014201,0.0
162.700625,0.024224,0.017515,0.098366,-0.0,-0.0,0.014201,0.0
162.750625,0.024224,0.017515,0.098366,-0.0,-0.0,0.014201,0.0
162.800625,0.024224,0.017515,0.098366,-0.0,-0.0,0.014201,0.0
162.850625,0.024224,0.017515,0.098366,-0.0,-0.0,0.014201,0.0
162.900625,0.024224,0.017515,0.098366,-0.0,-0.0,0.014201,0.0
162.950625,0.024224,0.017515,0.098366,-0.0,-0.0,0.014201,0.0
163.000625,0.024224,0.017515,0.098366,-0.0,-0.0,0.014201,0.0
163.050625,0.024224,0.017515,0.098366,-0.0,-0.0,0.014201,0.0
163.100625,0.024224,0.017515,0.098366,-0.0,-0.0,0.014201,0.0
163.150625,0.024224,0.017515,0.098366,-0.0,-0.0,0.014201,0.0
163.200625,0.024224,0.017515,0.098366,-0.0,-0.0,0.014201,0.0
163.250625,0.024224,0.017515,0.098366,-0.0,-0.0,0.014201,0.0
163.300625,0.024224,0.017515,0.098366,-0.0,-0.0,0.014201,0.0
163.350625,0.024224,0.017515,0.098366,-0.0,-0.0,0.014201,0.0
163.400625,0.024224,0.017515,0.098366,-0.0,-0.0,0.014201,0.0
163.450625,0.024224,0.017515,0.098366,-0.0,-0.0,0.014201,0.0
163.500625,0.024224,0.017515,0.098366,-0.0,-0.0,0.014201,0.0
163.550625,0.024224,0.017515,0.098366,-0.0,-0.0,0.014201,0.0
163.600625,0.024224,0.017515,0.098366,-0.0,-0.0,0.014201,0.0
163.650625,0.024224,0.017515,0.098366,-0.0,-0.0,0.014201,0.0
163.700625,0.024224,0.017515,0.098366,-0.0,-0.0,0.014201,0.0
163.750625,0.024224,0.017515,0.098366,-0.0,-0.0,0.014201,0.0
163.800625,0.024224,0.017515,0.098366,-0.0,-0.0,0.014201,0.0
163.850625,0.024224,0.017515,0.098366,-0.0,-0.0,0.014201,0.0
163.900625,0.024224,0.017515,0.098366,-0.0,-0.0,0.014201,0.0
163.950625,0.024224,0.017515,0.098366,-0.0,-0.0,0.014201,0.0
164.000625,0.024224,0.017515,0.098366,-0.0,-0.0,0.014201,0.0
164.050625,0.024224,0.017515,0.098366,-0.0,-0.0,0.014201,0.0
164.100625,0.024224,0.017515,0.098366,-0.0,-0.0,0.014201,0.0
164.150625,0.024224,0.017515,0.098366,-0.0,-0.0,0.014201,0.0
164.200625,0.024224,0.017515,0.098366,-0.0,-0.0,0.014201,0.0
164.250625,0.024224,0.017515,0.098366,-0.0,-0.0,0.014201,0.0
164.300625,0.024224,0.017515,0.098366,-0.0,-0.0,0.014201,0.0
164.350625,0.024224,0.017515,0.098366,-0.0,-0.0,0.014201,0.0
164.400625,0.024224,0.017515,0.098366,-0.0,-0.0,0.014201,0.0
164.450625,0.024224,0.017515,0.098366,-0.0,-0.0,0.014201,0.0
164.500625,0.024224,0.017515,0.098366,-0.0,-0.0,0.014201,0.0
164.550625,0.024224,0.017515,0.098366,-0.0,-0.0,0.014201,0.0
164.600625,0.024224,0.017515,0.098366,-0.0,-0.0,0.014201,0.0
164.650625,0.024224,0.017515,0.098366,-0.0,-0.0,0.014201,0.0
164.700625,0.024224,0.017515,0.098366,-0.0,-0.0,0.014201,0.0
164.750625,0.024224,0.017515,0.098366,-0.0,-0.0,0.014201,0.0
164.800625,0.024224,0.017515,0.098366,-0.0,-0.0,0.014201,0.0
164.850625,0.024224,0.017515,0.098366,-0.0,-0.0,0.014201,0.0
164.900625,0.024224,0.017515,0.098366,-0.0,-0.0,0.014201,0.0
164.950625,0.024224,0.017515,0.098366,-0.0,-0.0,0.014201,0.0
165.0,0.024224,0.017515,0.098366,-0.0,-0.0,0.014201,0.0
